election_round,election_label,election_date,province,municipality,municipality_key,electorate,votes,invalid_votes,abstentions,turnout_rate
5,제5회 전국동시지방선거,2010-06-02,강원도,강릉시,강원도 강릉시,170703,99246,3367,71457,58.14
5,제5회 전국동시지방선거,2010-06-02,강원도,고성군,강원도 고성군,25324,18943,1007,6381,74.8
5,제5회 전국동시지방선거,2010-06-02,강원도,동해시,강원도 동해시,73611,44933,1651,28678,61.04
5,제5회 전국동시지방선거,2010-06-02,강원도,삼척시,강원도 삼척시,58602,40390,1908,18212,68.92
5,제5회 전국동시지방선거,2010-06-02,강원도,속초시,강원도 속초시,64606,37582,1261,27024,58.17
5,제5회 전국동시지방선거,2010-06-02,강원도,양구군,강원도 양구군,16882,11911,572,4971,70.55
5,제5회 전국동시지방선거,2010-06-02,강원도,양양군,강원도 양양군,23195,16946,929,6249,73.06
5,제5회 전국동시지방선거,2010-06-02,강원도,영월군,강원도 영월군,33315,22245,695,11070,66.77
5,제5회 전국동시지방선거,2010-06-02,강원도,원주시,강원도 원주시,234095,133502,3647,100593,57.03
5,제5회 전국동시지방선거,2010-06-02,강원도,인제군,강원도 인제군,24855,17700,879,7155,71.21
5,제5회 전국동시지방선거,2010-06-02,강원도,정선군,강원도 정선군,33811,24529,1028,9282,72.55
5,제5회 전국동시지방선거,2010-06-02,강원도,철원군,강원도 철원군,37358,23811,1278,13547,63.74
5,제5회 전국동시지방선거,2010-06-02,강원도,춘천시,강원도 춘천시,206172,124839,3798,81333,60.55
5,제5회 전국동시지방선거,2010-06-02,강원도,태백시,강원도 태백시,40415,26819,915,13596,66.36
5,제5회 전국동시지방선거,2010-06-02,강원도,평창군,강원도 평창군,35758,24417,756,11341,68.28
5,제5회 전국동시지방선거,2010-06-02,강원도,홍천군,강원도 홍천군,56113,35577,1577,20536,63.4
5,제5회 전국동시지방선거,2010-06-02,강원도,화천군,강원도 화천군,19298,13436,765,5862,69.62
5,제5회 전국동시지방선거,2010-06-02,강원도,횡성군,강원도 횡성군,36396,24898,1137,11498,68.41
5,제5회 전국동시지방선거,2010-06-02,경기도,가평군,경기도 가평군,47257,31054,2642,16203,65.71
5,제5회 전국동시지방선거,2010-06-02,경기도,고양시덕양구,경기도 고양시덕양구,301056,157155,6115,143901,52.2
5,제5회 전국동시지방선거,2010-06-02,경기도,고양시일산동구,경기도 고양시일산동구,197585,101804,2601,95781,51.52
5,제5회 전국동시지방선거,2010-06-02,경기도,고양시일산서구,경기도 고양시일산서구,209252,112929,2820,96323,53.97
5,제5회 전국동시지방선거,2010-06-02,경기도,과천시,경기도 과천시,54323,35675,956,18648,65.67
5,제5회 전국동시지방선거,2010-06-02,경기도,광명시,경기도 광명시,254601,141118,5933,113483,55.43
5,제5회 전국동시지방선거,2010-06-02,경기도,광주시,경기도 광주시,184550,90793,3858,93757,49.2
5,제5회 전국동시지방선거,2010-06-02,경기도,구리시,경기도 구리시,147833,79671,2996,68162,53.89
5,제5회 전국동시지방선거,2010-06-02,경기도,군포시,경기도 군포시,210528,119533,3752,90995,56.78
5,제5회 전국동시지방선거,2010-06-02,경기도,김포시,경기도 김포시,174520,93630,4086,80890,53.65
5,제5회 전국동시지방선거,2010-06-02,경기도,남양주시,경기도 남양주시,404833,197862,8135,206971,48.87
5,제5회 전국동시지방선거,2010-06-02,경기도,동두천시,경기도 동두천시,72810,37833,2382,34977,51.96
5,제5회 전국동시지방선거,2010-06-02,경기도,부천시소사구,경기도 부천시소사구,180161,92975,3131,87186,51.61
5,제5회 전국동시지방선거,2010-06-02,경기도,부천시오정구,경기도 부천시오정구,147313,66944,3131,80369,45.44
5,제5회 전국동시지방선거,2010-06-02,경기도,부천시원미구,경기도 부천시원미구,344875,175298,5951,169577,50.83
5,제5회 전국동시지방선거,2010-06-02,경기도,성남시분당구,경기도 성남시분당구,360189,208482,4082,151707,57.88
5,제5회 전국동시지방선거,2010-06-02,경기도,성남시수정구,경기도 성남시수정구,194233,92330,5426,101903,47.54
5,제5회 전국동시지방선거,2010-06-02,경기도,성남시중원구,경기도 성남시중원구,205070,97065,5673,108005,47.33
5,제5회 전국동시지방선거,2010-06-02,경기도,수원시권선구,경기도 수원시권선구,229747,113478,4155,116269,49.39
5,제5회 전국동시지방선거,2010-06-02,경기도,수원시영통구,경기도 수원시영통구,183747,101911,2152,81836,55.46
5,제5회 전국동시지방선거,2010-06-02,경기도,수원시장안구,경기도 수원시장안구,218041,118498,3986,99543,54.35
5,제5회 전국동시지방선거,2010-06-02,경기도,수원시팔달구,경기도 수원시팔달구,174518,85692,3269,88826,49.1
5,제5회 전국동시지방선거,2010-06-02,경기도,시흥시,경기도 시흥시,292124,133757,5291,158367,45.79
5,제5회 전국동시지방선거,2010-06-02,경기도,안산시단원구,경기도 안산시단원구,247026,113164,4933,133862,45.81
5,제5회 전국동시지방선거,2010-06-02,경기도,안산시상록구,경기도 안산시상록구,275550,128329,5456,147221,46.57
5,제5회 전국동시지방선거,2010-06-02,경기도,안성시,경기도 안성시,132734,68113,4841,64621,51.32
5,제5회 전국동시지방선거,2010-06-02,경기도,안양시동안구,경기도 안양시동안구,265963,153906,4350,112057,57.87
5,제5회 전국동시지방선거,2010-06-02,경기도,안양시만안구,경기도 안양시만안구,208176,111311,4478,96865,53.47
5,제5회 전국동시지방선거,2010-06-02,경기도,양주시,경기도 양주시,142110,72819,3484,69291,51.24
5,제5회 전국동시지방선거,2010-06-02,경기도,양평군,경기도 양평군,75915,45984,2621,29931,60.57
5,제5회 전국동시지방선거,2010-06-02,경기도,여주군,경기도 여주군,85162,44845,3315,40317,52.66
5,제5회 전국동시지방선거,2010-06-02,경기도,연천군,경기도 연천군,36674,22658,1967,14016,61.78
5,제5회 전국동시지방선거,2010-06-02,경기도,오산시,경기도 오산시,122466,60033,2389,62433,49.02
5,제5회 전국동시지방선거,2010-06-02,경기도,용인시기흥구,경기도 용인시기흥구,253306,135344,3013,117962,53.43
5,제5회 전국동시지방선거,2010-06-02,경기도,용인시수지구,경기도 용인시수지구,215476,121275,1968,94201,56.28
5,제5회 전국동시지방선거,2010-06-02,경기도,용인시처인구,경기도 용인시처인구,155746,76544,4393,79202,49.15
5,제5회 전국동시지방선거,2010-06-02,경기도,의왕시,경기도 의왕시,112243,64134,2222,48109,57.14
5,제5회 전국동시지방선거,2010-06-02,경기도,의정부시,경기도 의정부시,328299,161722,7271,166577,49.26
5,제5회 전국동시지방선거,2010-06-02,경기도,이천시,경기도 이천시,150045,76343,3675,73702,50.88
5,제5회 전국동시지방선거,2010-06-02,경기도,파주시,경기도 파주시,252147,128283,7104,123864,50.88
5,제5회 전국동시지방선거,2010-06-02,경기도,평택시,경기도 평택시,309722,157432,9237,152290,50.83
5,제5회 전국동시지방선거,2010-06-02,경기도,포천시,경기도 포천시,123373,62925,4633,60448,51.0
5,제5회 전국동시지방선거,2010-06-02,경기도,하남시,경기도 하남시,118086,62718,2428,55368,53.11
5,제5회 전국동시지방선거,2010-06-02,경기도,화성시,경기도 화성시,362455,181402,7086,181053,50.05
5,제5회 전국동시지방선거,2010-06-02,경상남도,거제시,경상남도 거제시,166795,93847,1966,72948,56.26
5,제5회 전국동시지방선거,2010-06-02,경상남도,거창군,경상남도 거창군,50832,37039,1567,13793,72.87
5,제5회 전국동시지방선거,2010-06-02,경상남도,고성군,경상남도 고성군,47716,32473,1075,15243,68.05
5,제5회 전국동시지방선거,2010-06-02,경상남도,김해시,경상남도 김해시,359474,195079,2700,164395,54.27
5,제5회 전국동시지방선거,2010-06-02,경상남도,남해군,경상남도 남해군,42320,33047,917,9273,78.09
5,제5회 전국동시지방선거,2010-06-02,경상남도,마산시,경상남도 마산시,322188,191127,2288,131061,59.32
5,제5회 전국동시지방선거,2010-06-02,경상남도,밀양시,경상남도 밀양시,90189,58178,1713,32011,64.51
5,제5회 전국동시지방선거,2010-06-02,경상남도,사천시,경상남도 사천시,89018,61019,1706,27999,68.55
5,제5회 전국동시지방선거,2010-06-02,경상남도,산청군,경상남도 산청군,30305,22967,734,7338,75.79
5,제5회 전국동시지방선거,2010-06-02,경상남도,양산시,경상남도 양산시,190214,102673,1927,87541,53.98
5,제5회 전국동시지방선거,2010-06-02,경상남도,의령군,경상남도 의령군,26084,20448,1013,5636,78.39
5,제5회 전국동시지방선거,2010-06-02,경상남도,진주시,경상남도 진주시,254687,164337,2495,90350,64.53
5,제5회 전국동시지방선거,2010-06-02,경상남도,진해시,경상남도 진해시,130168,77361,1260,52807,59.43
5,제5회 전국동시지방선거,2010-06-02,경상남도,창녕군,경상남도 창녕군,51556,35573,1292,15983,69.0
5,제5회 전국동시지방선거,2010-06-02,경상남도,창원시,경상남도 창원시,371540,224868,2161,146672,60.52
5,제5회 전국동시지방선거,2010-06-02,경상남도,통영시,경상남도 통영시,108127,67402,1478,40725,62.34
5,제5회 전국동시지방선거,2010-06-02,경상남도,하동군,경상남도 하동군,43182,33213,1023,9969,76.91
5,제5회 전국동시지방선거,2010-06-02,경상남도,함안군,경상남도 함안군,53737,38163,1051,15574,71.02
5,제5회 전국동시지방선거,2010-06-02,경상남도,함양군,경상남도 함양군,33908,26715,1039,7193,78.79
5,제5회 전국동시지방선거,2010-06-02,경상남도,합천군,경상남도 합천군,44353,34161,1963,10192,77.02
5,제5회 전국동시지방선거,2010-06-02,경상북도,경산시,경상북도 경산시,185240,93632,2951,91608,50.55
5,제5회 전국동시지방선거,2010-06-02,경상북도,경주시,경상북도 경주시,211517,124949,4340,86568,59.07
5,제5회 전국동시지방선거,2010-06-02,경상북도,고령군,경상북도 고령군,29169,20154,970,9015,69.09
5,제5회 전국동시지방선거,2010-06-02,경상북도,구미시,경상북도 구미시,291865,138048,3351,153817,47.3
5,제5회 전국동시지방선거,2010-06-02,경상북도,군위군,경상북도 군위군,22359,17132,1185,5227,76.62
5,제5회 전국동시지방선거,2010-06-02,경상북도,김천시,경상북도 김천시,109593,67692,2555,41901,61.77
5,제5회 전국동시지방선거,2010-06-02,경상북도,문경시,경상북도 문경시,62346,42310,2282,20036,67.86
5,제5회 전국동시지방선거,2010-06-02,경상북도,봉화군,경상북도 봉화군,29721,22772,1239,6949,76.62
5,제5회 전국동시지방선거,2010-06-02,경상북도,상주시,경상북도 상주시,87803,60543,3291,27260,68.95
5,제5회 전국동시지방선거,2010-06-02,경상북도,성주군,경상북도 성주군,38683,26126,1224,12557,67.54
5,제5회 전국동시지방선거,2010-06-02,경상북도,안동시,경상북도 안동시,134118,84290,3332,49828,62.85
5,제5회 전국동시지방선거,2010-06-02,경상북도,영덕군,경상북도 영덕군,35548,25906,1263,9642,72.88
5,제5회 전국동시지방선거,2010-06-02,경상북도,영양군,경상북도 영양군,16066,12552,772,3514,78.13
5,제5회 전국동시지방선거,2010-06-02,경상북도,영주시,경상북도 영주시,90908,60339,2841,30569,66.37
5,제5회 전국동시지방선거,2010-06-02,경상북도,영천시,경상북도 영천시,85134,52224,2474,32910,61.34
5,제5회 전국동시지방선거,2010-06-02,경상북도,예천군,경상북도 예천군,40803,31459,1727,9344,77.1
5,제5회 전국동시지방선거,2010-06-02,경상북도,울릉군,경상북도 울릉군,9072,7404,317,1668,81.61
5,제5회 전국동시지방선거,2010-06-02,경상북도,울진군,경상북도 울진군,42741,31972,1918,10769,74.8
5,제5회 전국동시지방선거,2010-06-02,경상북도,의성군,경상북도 의성군,51855,37008,1859,14847,71.37
5,제5회 전국동시지방선거,2010-06-02,경상북도,청도군,경상북도 청도군,38292,26352,1210,11940,68.82
5,제5회 전국동시지방선거,2010-06-02,경상북도,청송군,경상북도 청송군,23204,17227,615,5977,74.24
5,제5회 전국동시지방선거,2010-06-02,경상북도,칠곡군,경상북도 칠곡군,89957,47947,1804,42010,53.3
5,제5회 전국동시지방선거,2010-06-02,경상북도,포항시남구,경상북도 포항시남구,197630,105544,2376,92086,53.4
5,제5회 전국동시지방선거,2010-06-02,경상북도,포항시북구,경상북도 포항시북구,199281,107009,2175,92272,53.7
5,제5회 전국동시지방선거,2010-06-02,광주광역시,광산구,광주광역시 광산구,242692,117043,1644,125649,48.23
5,제5회 전국동시지방선거,2010-06-02,광주광역시,남구,광주광역시 남구,164726,87054,1037,77672,52.85
5,제5회 전국동시지방선거,2010-06-02,광주광역시,동구,광주광역시 동구,84206,44017,625,40189,52.27
5,제5회 전국동시지방선거,2010-06-02,광주광역시,북구,광주광역시 북구,351029,168022,1747,183007,47.87
5,제5회 전국동시지방선거,2010-06-02,광주광역시,서구,광주광역시 서구,222260,113765,1365,108495,51.19
5,제5회 전국동시지방선거,2010-06-02,대구광역시,남구,대구광역시 남구,142035,61391,1078,80644,43.22
5,제5회 전국동시지방선거,2010-06-02,대구광역시,달서구,대구광역시 달서구,454805,200176,3325,254629,44.01
5,제5회 전국동시지방선거,2010-06-02,대구광역시,달성군,대구광역시 달성군,133734,67668,1868,66066,50.6
5,제5회 전국동시지방선거,2010-06-02,대구광역시,동구,대구광역시 동구,266834,123904,2738,142930,46.43
5,제5회 전국동시지방선거,2010-06-02,대구광역시,북구,대구광역시 북구,339490,150682,2769,188808,44.38
5,제5회 전국동시지방선거,2010-06-02,대구광역시,서구,대구광역시 서구,183845,83922,2191,99923,45.65
5,제5회 전국동시지방선거,2010-06-02,대구광역시,수성구,대구광역시 수성구,342990,166958,3262,176032,48.68
5,제5회 전국동시지방선거,2010-06-02,대구광역시,중구,대구광역시 중구,65102,31334,629,33768,48.13
5,제5회 전국동시지방선거,2010-06-02,대전광역시,대덕구,대전광역시 대덕구,157150,81883,881,75267,52.1
5,제5회 전국동시지방선거,2010-06-02,대전광역시,동구,대전광역시 동구,195072,97967,1090,97105,50.22
5,제5회 전국동시지방선거,2010-06-02,대전광역시,서구,대전광역시 서구,375073,197443,1384,177630,52.64
5,제5회 전국동시지방선거,2010-06-02,대전광역시,유성구,대전광역시 유성구,193868,109646,759,84222,56.56
5,제5회 전국동시지방선거,2010-06-02,대전광역시,중구,대전광역시 중구,206384,109744,1006,96640,53.17
5,제5회 전국동시지방선거,2010-06-02,부산광역시,강서구,부산광역시 강서구,50837,29933,763,20904,58.88
5,제5회 전국동시지방선거,2010-06-02,부산광역시,금정구,부산광역시 금정구,203914,103570,1401,100344,50.79
5,제5회 전국동시지방선거,2010-06-02,부산광역시,기장군,부산광역시 기장군,77263,45026,1165,32237,58.28
5,제5회 전국동시지방선거,2010-06-02,부산광역시,남구,부산광역시 남구,240421,116776,1181,123645,48.57
5,제5회 전국동시지방선거,2010-06-02,부산광역시,동구,부산광역시 동구,85200,43996,832,41204,51.64
5,제5회 전국동시지방선거,2010-06-02,부산광역시,동래구,부산광역시 동래구,224693,109659,1316,115034,48.8
5,제5회 전국동시지방선거,2010-06-02,부산광역시,부산진구,부산광역시 부산진구,322385,157895,2293,164490,48.98
5,제5회 전국동시지방선거,2010-06-02,부산광역시,북구,부산광역시 북구,243993,121921,1503,122072,49.97
5,제5회 전국동시지방선거,2010-06-02,부산광역시,사상구,부산광역시 사상구,204256,99557,1250,104699,48.74
5,제5회 전국동시지방선거,2010-06-02,부산광역시,사하구,부산광역시 사하구,284062,135482,2049,148580,47.69
5,제5회 전국동시지방선거,2010-06-02,부산광역시,서구,부산광역시 서구,104507,49172,713,55335,47.05
5,제5회 전국동시지방선거,2010-06-02,부산광역시,수영구,부산광역시 수영구,146237,71131,879,75106,48.64
5,제5회 전국동시지방선거,2010-06-02,부산광역시,연제구,부산광역시 연제구,169354,88021,1152,81333,51.97
5,제5회 전국동시지방선거,2010-06-02,부산광역시,영도구,부산광역시 영도구,122392,59112,1030,63280,48.3
5,제5회 전국동시지방선거,2010-06-02,부산광역시,중구,부산광역시 중구,41637,21350,453,20287,51.28
5,제5회 전국동시지방선거,2010-06-02,부산광역시,해운대구,부산광역시 해운대구,328744,157525,2074,171219,47.92
5,제5회 전국동시지방선거,2010-06-02,서울특별시,강남구,서울특별시 강남구,452744,231886,1037,220858,51.22
5,제5회 전국동시지방선거,2010-06-02,서울특별시,강동구,서울특별시 강동구,387779,209723,1300,178056,54.08
5,제5회 전국동시지방선거,2010-06-02,서울특별시,강북구,서울특별시 강북구,276171,142061,1054,134110,51.44
5,제5회 전국동시지방선거,2010-06-02,서울특별시,강서구,서울특별시 강서구,455047,242758,1541,212289,53.35
5,제5회 전국동시지방선거,2010-06-02,서울특별시,관악구,서울특별시 관악구,442049,238367,1550,203682,53.92
5,제5회 전국동시지방선거,2010-06-02,서울특별시,광진구,서울특별시 광진구,301603,158963,1120,142640,52.71
5,제5회 전국동시지방선거,2010-06-02,서울특별시,구로구,서울특별시 구로구,339568,187965,1057,151603,55.35
5,제5회 전국동시지방선거,2010-06-02,서울특별시,금천구,서울특별시 금천구,197080,103679,815,93401,52.61
5,제5회 전국동시지방선거,2010-06-02,서울특별시,노원구,서울특별시 노원구,470325,264044,1726,206281,56.14
5,제5회 전국동시지방선거,2010-06-02,서울특별시,도봉구,서울특별시 도봉구,292842,159958,1185,132884,54.62
5,제5회 전국동시지방선거,2010-06-02,서울특별시,동대문구,서울특별시 동대문구,297206,160497,1160,136709,54.0
5,제5회 전국동시지방선거,2010-06-02,서울특별시,동작구,서울특별시 동작구,325558,184233,1078,141325,56.59
5,제5회 전국동시지방선거,2010-06-02,서울특별시,마포구,서울특별시 마포구,313579,172905,1050,140674,55.14
5,제5회 전국동시지방선거,2010-06-02,서울특별시,서대문구,서울특별시 서대문구,266950,146827,1026,120123,55.0
5,제5회 전국동시지방선거,2010-06-02,서울특별시,서초구,서울특별시 서초구,341599,185981,700,155618,54.44
5,제5회 전국동시지방선거,2010-06-02,서울특별시,성동구,서울특별시 성동구,250316,135277,912,115039,54.04
5,제5회 전국동시지방선거,2010-06-02,서울특별시,성북구,서울특별시 성북구,383508,204667,1307,178841,53.37
5,제5회 전국동시지방선거,2010-06-02,서울특별시,송파구,서울특별시 송파구,539644,292420,1428,247224,54.19
5,제5회 전국동시지방선거,2010-06-02,서울특별시,양천구,서울특별시 양천구,382358,214849,1363,167509,56.19
5,제5회 전국동시지방선거,2010-06-02,서울특별시,영등포구,서울특별시 영등포구,329379,180352,1232,149027,54.76
5,제5회 전국동시지방선거,2010-06-02,서울특별시,용산구,서울특별시 용산구,198044,105005,841,93039,53.02
5,제5회 전국동시지방선거,2010-06-02,서울특별시,은평구,서울특별시 은평구,376385,192939,1438,183446,51.26
5,제5회 전국동시지방선거,2010-06-02,서울특별시,종로구,서울특별시 종로구,138917,77812,766,61105,56.01
5,제5회 전국동시지방선거,2010-06-02,서울특별시,중구,서울특별시 중구,109000,60763,526,48237,55.75
5,제5회 전국동시지방선거,2010-06-02,서울특별시,중랑구,서울특별시 중랑구,343810,172251,1298,171559,50.1
5,제5회 전국동시지방선거,2010-06-02,울산광역시,남구,울산광역시 남구,258699,137133,1433,121566,53.01
5,제5회 전국동시지방선거,2010-06-02,울산광역시,동구,울산광역시 동구,132325,76495,829,55830,57.81
5,제5회 전국동시지방선거,2010-06-02,울산광역시,북구,울산광역시 북구,122563,67957,697,54606,55.45
5,제5회 전국동시지방선거,2010-06-02,울산광역시,울주군,울산광역시 울주군,147060,82374,1503,64686,56.01
5,제5회 전국동시지방선거,2010-06-02,울산광역시,중구,울산광역시 중구,178158,98144,1527,80014,55.09
5,제5회 전국동시지방선거,2010-06-02,인천광역시,강화군,인천광역시 강화군,56586,37059,1464,19527,65.49
5,제5회 전국동시지방선거,2010-06-02,인천광역시,계양구,인천광역시 계양구,259089,131148,930,127941,50.62
5,제5회 전국동시지방선거,2010-06-02,인천광역시,남구,인천광역시 남구,337880,165592,1592,172288,49.01
5,제5회 전국동시지방선거,2010-06-02,인천광역시,남동구,인천광역시 남동구,355642,177496,1445,178146,49.91
5,제5회 전국동시지방선거,2010-06-02,인천광역시,동구,인천광역시 동구,62253,35099,510,27154,56.38
5,제5회 전국동시지방선거,2010-06-02,인천광역시,부평구,인천광역시 부평구,435655,218198,1730,217457,50.09
5,제5회 전국동시지방선거,2010-06-02,인천광역시,서구,인천광역시 서구,294322,143331,1265,150991,48.7
5,제5회 전국동시지방선거,2010-06-02,인천광역시,연수구,인천광역시 연수구,206407,110292,818,96115,53.43
5,제5회 전국동시지방선거,2010-06-02,인천광역시,옹진군,인천광역시 옹진군,15665,11340,368,4325,72.39
5,제5회 전국동시지방선거,2010-06-02,인천광역시,중구,인천광역시 중구,73354,37876,529,35478,51.63
5,제5회 전국동시지방선거,2010-06-02,전라남도,강진군,전라남도 강진군,33414,24018,1245,9396,71.88
5,제5회 전국동시지방선거,2010-06-02,전라남도,고흥군,전라남도 고흥군,63702,47398,3523,16304,74.41
5,제5회 전국동시지방선거,2010-06-02,전라남도,곡성군,전라남도 곡성군,26917,20586,1309,6331,76.48
5,제5회 전국동시지방선거,2010-06-02,전라남도,광양시,전라남도 광양시,104440,65132,1874,39308,62.36
5,제5회 전국동시지방선거,2010-06-02,전라남도,구례군,전라남도 구례군,22984,18290,1281,4694,79.58
5,제5회 전국동시지방선거,2010-06-02,전라남도,나주시,전라남도 나주시,75246,52381,2797,22865,69.61
5,제5회 전국동시지방선거,2010-06-02,전라남도,담양군,전라남도 담양군,39981,26959,1392,13022,67.43
5,제5회 전국동시지방선거,2010-06-02,전라남도,목포시,전라남도 목포시,181872,91633,2428,90239,50.38
5,제5회 전국동시지방선거,2010-06-02,전라남도,무안군,전라남도 무안군,58068,37879,1709,20189,65.23
5,제5회 전국동시지방선거,2010-06-02,전라남도,보성군,전라남도 보성군,41044,29707,1885,11337,72.38
5,제5회 전국동시지방선거,2010-06-02,전라남도,순천시,전라남도 순천시,200321,122961,4274,77360,61.38
5,제5회 전국동시지방선거,2010-06-02,전라남도,신안군,전라남도 신안군,39693,30424,2697,9269,76.65
5,제5회 전국동시지방선거,2010-06-02,전라남도,여수시,전라남도 여수시,225147,130630,3999,94517,58.02
5,제5회 전국동시지방선거,2010-06-02,전라남도,영광군,전라남도 영광군,46484,32088,1626,14396,69.03
5,제5회 전국동시지방선거,2010-06-02,전라남도,영암군,전라남도 영암군,47703,25948,650,21755,54.39
5,제5회 전국동시지방선거,2010-06-02,전라남도,완도군,전라남도 완도군,45162,33815,2262,11347,74.87
5,제5회 전국동시지방선거,2010-06-02,전라남도,장성군,전라남도 장성군,38299,27488,1410,10811,71.77
5,제5회 전국동시지방선거,2010-06-02,전라남도,장흥군,전라남도 장흥군,34748,25238,1247,9510,72.63
5,제5회 전국동시지방선거,2010-06-02,전라남도,진도군,전라남도 진도군,28171,21290,1805,6881,75.57
5,제5회 전국동시지방선거,2010-06-02,전라남도,함평군,전라남도 함평군,31104,21768,978,9336,69.98
5,제5회 전국동시지방선거,2010-06-02,전라남도,해남군,전라남도 해남군,65721,43884,2685,21837,66.77
5,제5회 전국동시지방선거,2010-06-02,전라남도,화순군,전라남도 화순군,54681,37821,1929,16860,69.17
5,제5회 전국동시지방선거,2010-06-02,전라북도,고창군,전라북도 고창군,49998,36925,1790,13073,73.85
5,제5회 전국동시지방선거,2010-06-02,전라북도,군산시,전라북도 군산시,207328,113614,3054,93714,54.8
5,제5회 전국동시지방선거,2010-06-02,전라북도,김제시,전라북도 김제시,78217,51879,2421,26338,66.33
5,제5회 전국동시지방선거,2010-06-02,전라북도,남원시,전라북도 남원시,69420,47635,1700,21785,68.62
5,제5회 전국동시지방선거,2010-06-02,전라북도,무주군,전라북도 무주군,21439,16739,990,4700,78.08
5,제5회 전국동시지방선거,2010-06-02,전라북도,부안군,전라북도 부안군,50186,35409,1748,14777,70.56
5,제5회 전국동시지방선거,2010-06-02,전라북도,순창군,전라북도 순창군,25136,19663,1060,5473,78.23
5,제5회 전국동시지방선거,2010-06-02,전라북도,완주군,전라북도 완주군,67270,41784,1395,25486,62.11
5,제5회 전국동시지방선거,2010-06-02,전라북도,익산시,전라북도 익산시,234104,126680,3631,107424,54.11
5,제5회 전국동시지방선거,2010-06-02,전라북도,임실군,전라북도 임실군,26252,19575,794,6677,74.57
5,제5회 전국동시지방선거,2010-06-02,전라북도,장수군,전라북도 장수군,19757,15503,844,4254,78.47
5,제5회 전국동시지방선거,2010-06-02,전라북도,전주시덕진구,전라북도 전주시덕진구,210631,107769,1410,102862,51.16
5,제5회 전국동시지방선거,2010-06-02,전라북도,전주시완산구,전라북도 전주시완산구,262926,140319,1902,122607,53.37
5,제5회 전국동시지방선거,2010-06-02,전라북도,정읍시,전라북도 정읍시,96698,64655,2633,32043,66.86
5,제5회 전국동시지방선거,2010-06-02,전라북도,진안군,전라북도 진안군,23443,17962,809,5481,76.62
5,제5회 전국동시지방선거,2010-06-02,제주특별자치도,서귀포시,제주특별자치도 서귀포시,118333,80606,3339,37727,68.12
5,제5회 전국동시지방선거,2010-06-02,제주특별자치도,제주시,제주특별자치도 제주시,305765,195450,5584,110315,63.92
5,제5회 전국동시지방선거,2010-06-02,충청남도,계룡시,충청남도 계룡시,30047,19326,369,10721,64.32
5,제5회 전국동시지방선거,2010-06-02,충청남도,공주시,충청남도 공주시,99709,61209,2338,38500,61.39
5,제5회 전국동시지방선거,2010-06-02,충청남도,금산군,충청남도 금산군,46562,28884,1511,17678,62.03
5,제5회 전국동시지방선거,2010-06-02,충청남도,논산시,충청남도 논산시,101953,61119,2015,40834,59.95
5,제5회 전국동시지방선거,2010-06-02,충청남도,당진군,충청남도 당진군,111252,59833,2334,51419,53.78
5,제5회 전국동시지방선거,2010-06-02,충청남도,보령시,충청남도 보령시,85687,53693,2584,31994,62.66
5,제5회 전국동시지방선거,2010-06-02,충청남도,부여군,충청남도 부여군,62144,41886,2158,20258,67.4
5,제5회 전국동시지방선거,2010-06-02,충청남도,서산시,충청남도 서산시,121199,66626,2267,54573,54.97
5,제5회 전국동시지방선거,2010-06-02,충청남도,서천군,충청남도 서천군,50167,34167,2221,16000,68.11
5,제5회 전국동시지방선거,2010-06-02,충청남도,아산시,충청남도 아산시,195443,99872,2387,95571,51.1
5,제5회 전국동시지방선거,2010-06-02,충청남도,연기군,충청남도 연기군,64534,37808,1262,26726,58.59
5,제5회 전국동시지방선거,2010-06-02,충청남도,예산군,충청남도 예산군,71607,44102,2479,27505,61.59
5,제5회 전국동시지방선거,2010-06-02,충청남도,천안시동남구,충청남도 천안시동남구,183142,89013,1358,94129,48.6
5,제5회 전국동시지방선거,2010-06-02,충청남도,천안시서북구,충청남도 천안시서북구,221580,104685,1219,116895,47.24
5,제5회 전국동시지방선거,2010-06-02,충청남도,청양군,충청남도 청양군,27528,20471,1299,7057,74.36
5,제5회 전국동시지방선거,2010-06-02,충청남도,태안군,충청남도 태안군,52517,36024,2739,16493,68.59
5,제5회 전국동시지방선거,2010-06-02,충청남도,홍성군,충청남도 홍성군,70516,43145,2047,27371,61.18
5,제5회 전국동시지방선거,2010-06-02,충청북도,괴산군,충청북도 괴산군,31877,22357,902,9520,70.14
5,제5회 전국동시지방선거,2010-06-02,충청북도,단양군,충청북도 단양군,26512,18918,637,7594,71.36
5,제5회 전국동시지방선거,2010-06-02,충청북도,보은군,충청북도 보은군,29345,21759,883,7586,74.15
5,제5회 전국동시지방선거,2010-06-02,충청북도,영동군,충청북도 영동군,41711,28879,1359,12832,69.24
5,제5회 전국동시지방선거,2010-06-02,충청북도,옥천군,충청북도 옥천군,44298,30568,1195,13730,69.01
5,제5회 전국동시지방선거,2010-06-02,충청북도,음성군,충청북도 음성군,70936,40234,902,30702,56.72
5,제5회 전국동시지방선거,2010-06-02,충청북도,제천시,충청북도 제천시,107034,63341,1145,43693,59.18
5,제5회 전국동시지방선거,2010-06-02,충청북도,증평군,충청북도 증평군,25536,16654,367,8882,65.22
5,제5회 전국동시지방선거,2010-06-02,충청북도,진천군,충청북도 진천군,48180,29291,601,18889,60.79
5,제5회 전국동시지방선거,2010-06-02,충청북도,청원군,충청북도 청원군,117270,69613,1523,47657,59.36
5,제5회 전국동시지방선거,2010-06-02,충청북도,청주시상당구,충청북도 청주시상당구,182613,100216,1001,82397,54.88
5,제5회 전국동시지방선거,2010-06-02,충청북도,청주시흥덕구,충청북도 청주시흥덕구,296977,159875,1224,137102,53.83
5,제5회 전국동시지방선거,2010-06-02,충청북도,충주시,충청북도 충주시,161522,94688,1544,66834,58.62
6,제6회 전국동시지방선거,2014-06-04,강원도,강릉시,강원도 강릉시,176430,104326,1813,72104,59.13
6,제6회 전국동시지방선거,2014-06-04,강원도,고성군,강원도 고성군,26235,19179,534,7056,73.1
6,제6회 전국동시지방선거,2014-06-04,강원도,동해시,강원도 동해시,75796,45629,860,30167,60.2
6,제6회 전국동시지방선거,2014-06-04,강원도,삼척시,강원도 삼척시,61597,42406,1235,19191,68.84
6,제6회 전국동시지방선거,2014-06-04,강원도,속초시,강원도 속초시,66777,39108,875,27669,58.57
6,제6회 전국동시지방선거,2014-06-04,강원도,양구군,강원도 양구군,19118,14482,407,4636,75.75
6,제6회 전국동시지방선거,2014-06-04,강원도,양양군,강원도 양양군,23787,17549,438,6238,73.78
6,제6회 전국동시지방선거,2014-06-04,강원도,영월군,강원도 영월군,34273,23290,571,10983,67.95
6,제6회 전국동시지방선거,2014-06-04,강원도,원주시,강원도 원주시,257088,142997,1683,114091,55.62
6,제6회 전국동시지방선거,2014-06-04,강원도,인제군,강원도 인제군,26601,19690,594,6911,74.02
6,제6회 전국동시지방선거,2014-06-04,강원도,정선군,강원도 정선군,34031,24387,664,9644,71.66
6,제6회 전국동시지방선거,2014-06-04,강원도,철원군,강원도 철원군,38500,25441,697,13059,66.08
6,제6회 전국동시지방선거,2014-06-04,강원도,춘천시,강원도 춘천시,220197,131007,1397,89190,59.5
6,제6회 전국동시지방선거,2014-06-04,강원도,태백시,강원도 태백시,40070,27089,797,12981,67.6
6,제6회 전국동시지방선거,2014-06-04,강원도,평창군,강원도 평창군,37156,25407,538,11749,68.38
6,제6회 전국동시지방선거,2014-06-04,강원도,홍천군,강원도 홍천군,59010,38566,934,20444,65.36
6,제6회 전국동시지방선거,2014-06-04,강원도,화천군,강원도 화천군,20458,14550,419,5908,71.12
6,제6회 전국동시지방선거,2014-06-04,강원도,횡성군,강원도 횡성군,38345,26256,590,12089,68.47
6,제6회 전국동시지방선거,2014-06-04,경기도,가평군,경기도 가평군,51475,33225,2090,18250,64.55
6,제6회 전국동시지방선거,2014-06-04,경기도,고양시덕양구,경기도 고양시덕양구,333205,180211,4695,152994,54.08
6,제6회 전국동시지방선거,2014-06-04,경기도,고양시일산동구,경기도 고양시일산동구,226556,121054,2960,105502,53.43
6,제6회 전국동시지방선거,2014-06-04,경기도,고양시일산서구,경기도 고양시일산서구,229735,128294,2973,101441,55.84
6,제6회 전국동시지방선거,2014-06-04,경기도,과천시,경기도 과천시,55781,37348,970,18433,66.95
6,제6회 전국동시지방선거,2014-06-04,경기도,광명시,경기도 광명시,278037,158332,4614,119705,56.95
6,제6회 전국동시지방선거,2014-06-04,경기도,광주시,경기도 광주시,231073,112844,3343,118229,48.83
6,제6회 전국동시지방선거,2014-06-04,경기도,구리시,경기도 구리시,149953,80637,3115,69316,53.77
6,제6회 전국동시지방선거,2014-06-04,경기도,군포시,경기도 군포시,225898,131916,3111,93982,58.4
6,제6회 전국동시지방선거,2014-06-04,경기도,김포시,경기도 김포시,248144,133058,3472,115086,53.62
6,제6회 전국동시지방선거,2014-06-04,경기도,남양주시,경기도 남양주시,484298,239611,6008,244687,49.48
6,제6회 전국동시지방선거,2014-06-04,경기도,동두천시,경기도 동두천시,78452,39840,1922,38612,50.78
6,제6회 전국동시지방선거,2014-06-04,경기도,부천시소사구,경기도 부천시소사구,187946,99946,2783,88000,53.18
6,제6회 전국동시지방선거,2014-06-04,경기도,부천시오정구,경기도 부천시오정구,152304,70351,2386,81953,46.19
6,제6회 전국동시지방선거,2014-06-04,경기도,부천시원미구,경기도 부천시원미구,358453,188538,4932,169915,52.6
6,제6회 전국동시지방선거,2014-06-04,경기도,성남시분당구,경기도 성남시분당구,389934,241915,4240,148019,62.04
6,제6회 전국동시지방선거,2014-06-04,경기도,성남시수정구,경기도 성남시수정구,191794,97639,3254,94155,50.91
6,제6회 전국동시지방선거,2014-06-04,경기도,성남시중원구,경기도 성남시중원구,211683,109445,3919,102238,51.7
6,제6회 전국동시지방선거,2014-06-04,경기도,수원시권선구,경기도 수원시권선구,230904,121183,2841,109721,52.48
6,제6회 전국동시지방선거,2014-06-04,경기도,수원시영통구,경기도 수원시영통구,240776,142435,2735,98341,59.16
6,제6회 전국동시지방선거,2014-06-04,경기도,수원시장안구,경기도 수원시장안구,236664,135841,3454,100823,57.4
6,제6회 전국동시지방선거,2014-06-04,경기도,수원시팔달구,경기도 수원시팔달구,203541,105744,2649,97797,51.95
6,제6회 전국동시지방선거,2014-06-04,경기도,시흥시,경기도 시흥시,306248,146938,4331,159310,47.98
6,제6회 전국동시지방선거,2014-06-04,경기도,안산시단원구,경기도 안산시단원구,261100,124880,3928,136220,47.83
6,제6회 전국동시지방선거,2014-06-04,경기도,안산시상록구,경기도 안산시상록구,299910,144770,4848,155140,48.27
6,제6회 전국동시지방선거,2014-06-04,경기도,안성시,경기도 안성시,144454,74600,3412,69854,51.64
6,제6회 전국동시지방선거,2014-06-04,경기도,안양시동안구,경기도 안양시동안구,280346,168487,3800,111859,60.1
6,제6회 전국동시지방선거,2014-06-04,경기도,안양시만안구,경기도 안양시만안구,205999,113522,2990,92477,55.11
6,제6회 전국동시지방선거,2014-06-04,경기도,양주시,경기도 양주시,155368,79267,2689,76101,51.02
6,제6회 전국동시지방선거,2014-06-04,경기도,양평군,경기도 양평군,87602,51827,2441,35775,59.16
6,제6회 전국동시지방선거,2014-06-04,경기도,여주시,경기도 여주시,89340,47027,1977,42313,52.64
6,제6회 전국동시지방선거,2014-06-04,경기도,연천군,경기도 연천군,38253,22624,1208,15629,59.14
6,제6회 전국동시지방선거,2014-06-04,경기도,오산시,경기도 오산시,155953,75406,2336,80547,48.35
6,제6회 전국동시지방선거,2014-06-04,경기도,용인시기흥구,경기도 용인시기흥구,321010,181644,3595,139366,56.59
6,제6회 전국동시지방선거,2014-06-04,경기도,용인시수지구,경기도 용인시수지구,231496,136238,2201,95258,58.85
6,제6회 전국동시지방선거,2014-06-04,경기도,용인시처인구,경기도 용인시처인구,170458,83925,2831,86533,49.24
6,제6회 전국동시지방선거,2014-06-04,경기도,의왕시,경기도 의왕시,127246,76051,1728,51195,59.77
6,제6회 전국동시지방선거,2014-06-04,경기도,의정부시,경기도 의정부시,345708,171491,4761,174217,49.61
6,제6회 전국동시지방선거,2014-06-04,경기도,이천시,경기도 이천시,159733,82477,3986,77256,51.63
6,제6회 전국동시지방선거,2014-06-04,경기도,파주시,경기도 파주시,313844,162765,6422,151079,51.86
6,제6회 전국동시지방선거,2014-06-04,경기도,평택시,경기도 평택시,347609,171360,6066,176249,49.3
6,제6회 전국동시지방선거,2014-06-04,경기도,포천시,경기도 포천시,127417,64915,3294,62502,50.95
6,제6회 전국동시지방선거,2014-06-04,경기도,하남시,경기도 하남시,118266,65360,1993,52906,55.27
6,제6회 전국동시지방선거,2014-06-04,경기도,화성시,경기도 화성시,395351,201710,6583,193641,51.02
6,제6회 전국동시지방선거,2014-06-04,경상남도,거제시,경상남도 거제시,184572,99983,2438,84589,54.17
6,제6회 전국동시지방선거,2014-06-04,경상남도,거창군,경상남도 거창군,52077,36296,1600,15781,69.7
6,제6회 전국동시지방선거,2014-06-04,경상남도,고성군,경상남도 고성군,47887,32026,1145,15861,66.88
6,제6회 전국동시지방선거,2014-06-04,경상남도,김해시,경상남도 김해시,398293,215277,3105,183016,54.05
6,제6회 전국동시지방선거,2014-06-04,경상남도,남해군,경상남도 남해군,41331,31268,1557,10063,75.65
6,제6회 전국동시지방선거,2014-06-04,경상남도,밀양시,경상남도 밀양시,91584,57972,1787,33612,63.3
6,제6회 전국동시지방선거,2014-06-04,경상남도,사천시,경상남도 사천시,94250,63316,2031,30934,67.18
6,제6회 전국동시지방선거,2014-06-04,경상남도,산청군,경상남도 산청군,31442,21553,863,9889,68.55
6,제6회 전국동시지방선거,2014-06-04,경상남도,양산시,경상남도 양산시,222151,119878,2236,102273,53.96
6,제6회 전국동시지방선거,2014-06-04,경상남도,의령군,경상남도 의령군,25981,20115,1108,5866,77.42
6,제6회 전국동시지방선거,2014-06-04,경상남도,진주시,경상남도 진주시,268027,165372,3269,102655,61.7
6,제6회 전국동시지방선거,2014-06-04,경상남도,창녕군,경상남도 창녕군,54614,33411,1146,21203,61.18
6,제6회 전국동시지방선거,2014-06-04,경상남도,창원시마산합포구,경상남도 창원시마산합포구,151800,87780,1569,64020,57.83
6,제6회 전국동시지방선거,2014-06-04,경상남도,창원시마산회원구,경상남도 창원시마산회원구,175918,102205,1579,73713,58.1
6,제6회 전국동시지방선거,2014-06-04,경상남도,창원시성산구,경상남도 창원시성산구,185723,111830,1644,73893,60.21
6,제6회 전국동시지방선거,2014-06-04,경상남도,창원시의창구,경상남도 창원시의창구,204523,114829,2113,89694,56.14
6,제6회 전국동시지방선거,2014-06-04,경상남도,창원시진해구,경상남도 창원시진해구,139286,77939,1476,61347,55.96
6,제6회 전국동시지방선거,2014-06-04,경상남도,통영시,경상남도 통영시,111561,67447,1731,44114,60.46
6,제6회 전국동시지방선거,2014-06-04,경상남도,하동군,경상남도 하동군,43174,33867,1704,9307,78.44
6,제6회 전국동시지방선거,2014-06-04,경상남도,함안군,경상남도 함안군,55705,37580,1244,18125,67.46
6,제6회 전국동시지방선거,2014-06-04,경상남도,함양군,경상남도 함양군,34540,26343,1085,8197,76.27
6,제6회 전국동시지방선거,2014-06-04,경상남도,합천군,경상남도 합천군,43908,33386,1699,10522,76.04
6,제6회 전국동시지방선거,2014-06-04,경상북도,경산시,경상북도 경산시,201690,103880,2294,97810,51.5
6,제6회 전국동시지방선거,2014-06-04,경상북도,경주시,경상북도 경주시,216922,126290,4455,90632,58.22
6,제6회 전국동시지방선거,2014-06-04,경상북도,고령군,경상북도 고령군,30145,18392,625,11753,61.01
6,제6회 전국동시지방선거,2014-06-04,경상북도,구미시,경상북도 구미시,321096,160254,4061,160842,49.91
6,제6회 전국동시지방선거,2014-06-04,경상북도,군위군,경상북도 군위군,22266,18042,931,4224,81.03
6,제6회 전국동시지방선거,2014-06-04,경상북도,김천시,경상북도 김천시,111552,70244,2788,41308,62.97
6,제6회 전국동시지방선거,2014-06-04,경상북도,문경시,경상북도 문경시,63805,45956,2081,17849,72.03
6,제6회 전국동시지방선거,2014-06-04,경상북도,봉화군,경상북도 봉화군,29759,22055,767,7704,74.11
6,제6회 전국동시지방선거,2014-06-04,경상북도,상주시,경상북도 상주시,88003,62491,3194,25512,71.01
6,제6회 전국동시지방선거,2014-06-04,경상북도,성주군,경상북도 성주군,39541,25175,987,14366,63.67
6,제6회 전국동시지방선거,2014-06-04,경상북도,안동시,경상북도 안동시,137715,90090,3017,47625,65.42
6,제6회 전국동시지방선거,2014-06-04,경상북도,영덕군,경상북도 영덕군,35266,25717,1162,9549,72.92
6,제6회 전국동시지방선거,2014-06-04,경상북도,영양군,경상북도 영양군,16167,12875,712,3292,79.64
6,제6회 전국동시지방선거,2014-06-04,경상북도,영주시,경상북도 영주시,92496,62153,2142,30343,67.2
6,제6회 전국동시지방선거,2014-06-04,경상북도,영천시,경상북도 영천시,85998,54651,2536,31347,63.55
6,제6회 전국동시지방선거,2014-06-04,경상북도,예천군,경상북도 예천군,39760,29078,1235,10682,73.13
6,제6회 전국동시지방선거,2014-06-04,경상북도,울릉군,경상북도 울릉군,9344,7490,318,1854,80.16
6,제6회 전국동시지방선거,2014-06-04,경상북도,울진군,경상북도 울진군,43627,32316,1698,11311,74.07
6,제6회 전국동시지방선거,2014-06-04,경상북도,의성군,경상북도 의성군,50532,36797,1722,13735,72.82
6,제6회 전국동시지방선거,2014-06-04,경상북도,청도군,경상북도 청도군,39054,28078,1153,10976,71.9
6,제6회 전국동시지방선거,2014-06-04,경상북도,청송군,경상북도 청송군,23703,18396,853,5307,77.61
6,제6회 전국동시지방선거,2014-06-04,경상북도,칠곡군,경상북도 칠곡군,95973,49053,1382,46920,51.11
6,제6회 전국동시지방선거,2014-06-04,경상북도,포항시남구,경상북도 포항시남구,201120,103003,2457,98117,51.21
6,제6회 전국동시지방선거,2014-06-04,경상북도,포항시북구,경상북도 포항시북구,216200,112449,2696,103751,52.01
6,제6회 전국동시지방선거,2014-06-04,광주광역시,광산구,광주광역시 광산구,285875,156178,4456,129697,54.63
6,제6회 전국동시지방선거,2014-06-04,광주광역시,남구,광주광역시 남구,171997,101811,2281,70186,59.19
6,제6회 전국동시지방선거,2014-06-04,광주광역시,동구,광주광역시 동구,86465,51253,1288,35212,59.28
6,제6회 전국동시지방선거,2014-06-04,광주광역시,북구,광주광역시 북구,351880,198547,4583,153333,56.42
6,제6회 전국동시지방선거,2014-06-04,광주광역시,서구,광주광역시 서구,242201,142219,2683,99982,58.72
6,제6회 전국동시지방선거,2014-06-04,대구광역시,남구,대구광역시 남구,142345,70076,1054,72269,49.23
6,제6회 전국동시지방선거,2014-06-04,대구광역시,달서구,대구광역시 달서구,481475,249724,2877,231751,51.87
6,제6회 전국동시지방선거,2014-06-04,대구광역시,달성군,대구광역시 달성군,145001,73713,1207,71288,50.84
6,제6회 전국동시지방선거,2014-06-04,대구광역시,동구,대구광역시 동구,286747,151471,2331,135276,52.82
6,제6회 전국동시지방선거,2014-06-04,대구광역시,북구,대구광역시 북구,348883,179341,2289,169542,51.4
6,제6회 전국동시지방선거,2014-06-04,대구광역시,서구,대구광역시 서구,183116,91230,1701,91886,49.82
6,제6회 전국동시지방선거,2014-06-04,대구광역시,수성구,대구광역시 수성구,359016,201364,1932,157652,56.09
6,제6회 전국동시지방선거,2014-06-04,대구광역시,중구,대구광역시 중구,65996,35719,628,30277,54.12
6,제6회 전국동시지방선거,2014-06-04,대전광역시,대덕구,대전광역시 대덕구,161687,83916,1155,77771,51.9
6,제6회 전국동시지방선거,2014-06-04,대전광역시,동구,대전광역시 동구,202671,104754,1749,97917,51.69
6,제6회 전국동시지방선거,2014-06-04,대전광역시,서구,대전광역시 서구,389886,209058,2220,180828,53.62
6,제6회 전국동시지방선거,2014-06-04,대전광역시,유성구,대전광역시 유성구,240489,138723,1336,101766,57.68
6,제6회 전국동시지방선거,2014-06-04,대전광역시,중구,대전광역시 중구,213239,116220,1705,97019,54.5
6,제6회 전국동시지방선거,2014-06-04,부산광역시,강서구,부산광역시 강서구,59758,35024,1493,24734,58.61
6,제6회 전국동시지방선거,2014-06-04,부산광역시,금정구,부산광역시 금정구,212138,120177,3823,91961,56.65
6,제6회 전국동시지방선거,2014-06-04,부산광역시,기장군,부산광역시 기장군,107360,62794,2558,44566,58.49
6,제6회 전국동시지방선거,2014-06-04,부산광역시,남구,부산광역시 남구,241177,137349,4365,103828,56.95
6,제6회 전국동시지방선거,2014-06-04,부산광역시,동구,부산광역시 동구,83350,47730,1749,35620,57.26
6,제6회 전국동시지방선거,2014-06-04,부산광역시,동래구,부산광역시 동래구,229691,130592,3639,99099,56.86
6,제6회 전국동시지방선거,2014-06-04,부산광역시,부산진구,부산광역시 부산진구,329022,180227,6300,148795,54.78
6,제6회 전국동시지방선거,2014-06-04,부산광역시,북구,부산광역시 북구,251760,139860,5026,111900,55.55
6,제6회 전국동시지방선거,2014-06-04,부산광역시,사상구,부산광역시 사상구,205636,112607,4418,93029,54.76
6,제6회 전국동시지방선거,2014-06-04,부산광역시,사하구,부산광역시 사하구,285319,152223,5288,133096,53.35
6,제6회 전국동시지방선거,2014-06-04,부산광역시,서구,부산광역시 서구,102694,55778,1797,46916,54.31
6,제6회 전국동시지방선거,2014-06-04,부산광역시,수영구,부산광역시 수영구,149975,82961,1963,67014,55.32
6,제6회 전국동시지방선거,2014-06-04,부산광역시,연제구,부산광역시 연제구,174407,99853,2853,74554,57.25
6,제6회 전국동시지방선거,2014-06-04,부산광역시,영도구,부산광역시 영도구,115944,60321,2423,55623,52.03
6,제6회 전국동시지방선거,2014-06-04,부산광역시,중구,부산광역시 중구,41868,23404,771,18464,55.9
6,제6회 전국동시지방선거,2014-06-04,부산광역시,해운대구,부산광역시 해운대구,342080,188267,5550,153813,55.04
6,제6회 전국동시지방선거,2014-06-04,서울특별시,강남구,서울특별시 강남구,467534,270052,2209,197482,57.76
6,제6회 전국동시지방선거,2014-06-04,서울특별시,강동구,서울특별시 강동구,396324,234375,1989,161949,59.14
6,제6회 전국동시지방선거,2014-06-04,서울특별시,강북구,서울특별시 강북구,284048,155350,1658,128698,54.69
6,제6회 전국동시지방선거,2014-06-04,서울특별시,강서구,서울특별시 강서구,470411,273853,2533,196558,58.22
6,제6회 전국동시지방선거,2014-06-04,서울특별시,관악구,서울특별시 관악구,447728,259673,2267,188055,58.0
6,제6회 전국동시지방선거,2014-06-04,서울특별시,광진구,서울특별시 광진구,309269,177484,1451,131785,57.39
6,제6회 전국동시지방선거,2014-06-04,서울특별시,구로구,서울특별시 구로구,355410,212735,1946,142675,59.86
6,제6회 전국동시지방선거,2014-06-04,서울특별시,금천구,서울특별시 금천구,204435,113723,1256,90712,55.63
6,제6회 전국동시지방선거,2014-06-04,서울특별시,노원구,서울특별시 노원구,471804,284532,2724,187272,60.31
6,제6회 전국동시지방선거,2014-06-04,서울특별시,도봉구,서울특별시 도봉구,296035,173232,1686,122803,58.52
6,제6회 전국동시지방선거,2014-06-04,서울특별시,동대문구,서울특별시 동대문구,308318,179384,1897,128934,58.18
6,제6회 전국동시지방선거,2014-06-04,서울특별시,동작구,서울특별시 동작구,347506,214255,1941,133251,61.66
6,제6회 전국동시지방선거,2014-06-04,서울특별시,마포구,서울특별시 마포구,320827,195289,1768,125538,60.87
6,제6회 전국동시지방선거,2014-06-04,서울특별시,서대문구,서울특별시 서대문구,266442,159840,1636,106602,59.99
6,제6회 전국동시지방선거,2014-06-04,서울특별시,서초구,서울특별시 서초구,358576,220442,1411,138134,61.48
6,제6회 전국동시지방선거,2014-06-04,서울특별시,성동구,서울특별시 성동구,252308,146873,1591,105435,58.21
6,제6회 전국동시지방선거,2014-06-04,서울특별시,성북구,서울특별시 성북구,394293,229201,2354,165092,58.13
6,제6회 전국동시지방선거,2014-06-04,서울특별시,송파구,서울특별시 송파구,547101,329721,2291,217380,60.27
6,제6회 전국동시지방선거,2014-06-04,서울특별시,양천구,서울특별시 양천구,392385,236667,2112,155718,60.31
6,제6회 전국동시지방선거,2014-06-04,서울특별시,영등포구,서울특별시 영등포구,329266,194093,1721,135173,58.95
6,제6회 전국동시지방선거,2014-06-04,서울특별시,용산구,서울특별시 용산구,204529,118198,1085,86331,57.79
6,제6회 전국동시지방선거,2014-06-04,서울특별시,은평구,서울특별시 은평구,414920,233896,2177,181024,56.37
6,제6회 전국동시지방선거,2014-06-04,서울특별시,종로구,서울특별시 종로구,136925,81113,926,55812,59.24
6,제6회 전국동시지방선거,2014-06-04,서울특별시,중구,서울특별시 중구,113235,65393,905,47842,57.75
6,제6회 전국동시지방선거,2014-06-04,서울특별시,중랑구,서울특별시 중랑구,351965,189523,2082,162442,53.85
6,제6회 전국동시지방선거,2014-06-04,세종특별자치시,세종특별자치시,세종특별자치시 세종특별자치시,101559,63629,975,37930,62.65
6,제6회 전국동시지방선거,2014-06-04,울산광역시,남구,울산광역시 남구,277480,151643,11532,125837,54.65
6,제6회 전국동시지방선거,2014-06-04,울산광역시,동구,울산광역시 동구,141266,81696,8130,59570,57.83
6,제6회 전국동시지방선거,2014-06-04,울산광역시,북구,울산광역시 북구,139347,79777,6346,59570,57.25
6,제6회 전국동시지방선거,2014-06-04,울산광역시,울주군,울산광역시 울주군,165014,92066,8974,72948,55.79
6,제6회 전국동시지방선거,2014-06-04,울산광역시,중구,울산광역시 중구,189218,106699,8745,82519,56.39
6,제6회 전국동시지방선거,2014-06-04,인천광역시,강화군,인천광역시 강화군,58089,38611,1180,19478,66.47
6,제6회 전국동시지방선거,2014-06-04,인천광역시,계양구,인천광역시 계양구,274659,143387,1207,131272,52.21
6,제6회 전국동시지방선거,2014-06-04,인천광역시,남구,인천광역시 남구,340427,174258,1930,166169,51.19
6,제6회 전국동시지방선거,2014-06-04,인천광역시,남동구,인천광역시 남동구,405404,215359,1930,190045,53.12
6,제6회 전국동시지방선거,2014-06-04,인천광역시,동구,인천광역시 동구,61693,36534,645,25159,59.22
6,제6회 전국동시지방선거,2014-06-04,인천광역시,부평구,인천광역시 부평구,451971,237759,2207,214212,52.6
6,제6회 전국동시지방선거,2014-06-04,인천광역시,서구,인천광역시 서구,380611,199733,1769,180878,52.48
6,제6회 전국동시지방선거,2014-06-04,인천광역시,연수구,인천광역시 연수구,238453,136706,1221,101747,57.33
6,제6회 전국동시지방선거,2014-06-04,인천광역시,옹진군,인천광역시 옹진군,18124,13590,522,4534,74.98
6,제6회 전국동시지방선거,2014-06-04,인천광역시,중구,인천광역시 중구,89767,48565,608,41202,54.1
6,제6회 전국동시지방선거,2014-06-04,전라남도,강진군,전라남도 강진군,33613,24567,1386,9046,73.09
6,제6회 전국동시지방선거,2014-06-04,전라남도,고흥군,전라남도 고흥군,61803,47246,3820,14557,76.45
6,제6회 전국동시지방선거,2014-06-04,전라남도,곡성군,전라남도 곡성군,26872,20627,1319,6245,76.76
6,제6회 전국동시지방선거,2014-06-04,전라남도,광양시,전라남도 광양시,115763,73537,2394,42226,63.52
6,제6회 전국동시지방선거,2014-06-04,전라남도,구례군,전라남도 구례군,23363,19041,1135,4322,81.5
6,제6회 전국동시지방선거,2014-06-04,전라남도,나주시,전라남도 나주시,76122,51515,2735,24607,67.67
6,제6회 전국동시지방선거,2014-06-04,전라남도,담양군,전라남도 담양군,41046,29086,1272,11960,70.86
6,제6회 전국동시지방선거,2014-06-04,전라남도,목포시,전라남도 목포시,185570,103181,3464,82389,55.6
6,제6회 전국동시지방선거,2014-06-04,전라남도,무안군,전라남도 무안군,63647,40757,1792,22890,64.04
6,제6회 전국동시지방선거,2014-06-04,전라남도,보성군,전라남도 보성군,39863,29891,1926,9972,74.98
6,제6회 전국동시지방선거,2014-06-04,전라남도,순천시,전라남도 순천시,214889,126320,3843,88569,58.78
6,제6회 전국동시지방선거,2014-06-04,전라남도,신안군,전라남도 신안군,39488,30574,2596,8914,77.43
6,제6회 전국동시지방선거,2014-06-04,전라남도,여수시,전라남도 여수시,232635,135390,3461,97245,58.2
6,제6회 전국동시지방선거,2014-06-04,전라남도,영광군,전라남도 영광군,47906,36009,1528,11897,75.17
6,제6회 전국동시지방선거,2014-06-04,전라남도,영암군,전라남도 영암군,48480,33132,1775,15348,68.34
6,제6회 전국동시지방선거,2014-06-04,전라남도,완도군,전라남도 완도군,45300,34406,2474,10894,75.95
6,제6회 전국동시지방선거,2014-06-04,전라남도,장성군,전라남도 장성군,39166,28305,1400,10861,72.27
6,제6회 전국동시지방선거,2014-06-04,전라남도,장흥군,전라남도 장흥군,35493,27569,1658,7924,77.67
6,제6회 전국동시지방선거,2014-06-04,전라남도,진도군,전라남도 진도군,27951,20840,1596,7111,74.56
6,제6회 전국동시지방선거,2014-06-04,전라남도,함평군,전라남도 함평군,30727,21640,1094,9087,70.43
6,제6회 전국동시지방선거,2014-06-04,전라남도,해남군,전라남도 해남군,64806,42857,2498,21949,66.13
6,제6회 전국동시지방선거,2014-06-04,전라남도,화순군,전라남도 화순군,54937,39198,1872,15739,71.35
6,제6회 전국동시지방선거,2014-06-04,전라북도,고창군,전라북도 고창군,51188,38091,2367,13097,74.41
6,제6회 전국동시지방선거,2014-06-04,전라북도,군산시,전라북도 군산시,220810,117779,3902,103031,53.34
6,제6회 전국동시지방선거,2014-06-04,전라북도,김제시,전라북도 김제시,77336,51495,2737,25841,66.59
6,제6회 전국동시지방선거,2014-06-04,전라북도,남원시,전라북도 남원시,70411,47558,1993,22853,67.54
6,제6회 전국동시지방선거,2014-06-04,전라북도,무주군,전라북도 무주군,21786,17618,1139,4168,80.87
6,제6회 전국동시지방선거,2014-06-04,전라북도,부안군,전라북도 부안군,49599,34433,2130,15166,69.42
6,제6회 전국동시지방선거,2014-06-04,전라북도,순창군,전라북도 순창군,25497,19720,1146,5777,77.34
6,제6회 전국동시지방선거,2014-06-04,전라북도,완주군,전라북도 완주군,70666,44750,2133,25916,63.33
6,제6회 전국동시지방선거,2014-06-04,전라북도,익산시,전라북도 익산시,244122,129480,4557,114642,53.04
6,제6회 전국동시지방선거,2014-06-04,전라북도,임실군,전라북도 임실군,26103,19822,1172,6281,75.94
6,제6회 전국동시지방선거,2014-06-04,전라북도,장수군,전라북도 장수군,20087,16016,947,4071,79.73
6,제6회 전국동시지방선거,2014-06-04,전라북도,전주시덕진구,전라북도 전주시덕진구,221516,123206,2473,98310,55.62
6,제6회 전국동시지방선거,2014-06-04,전라북도,전주시완산구,전라북도 전주시완산구,283872,159841,3149,124031,56.31
6,제6회 전국동시지방선거,2014-06-04,전라북도,정읍시,전라북도 정읍시,96960,61781,3016,35179,63.72
6,제6회 전국동시지방선거,2014-06-04,전라북도,진안군,전라북도 진안군,23289,18439,1005,4850,79.17
6,제6회 전국동시지방선거,2014-06-04,제주특별자치도,서귀포시,제주특별자치도 서귀포시,126578,85099,1671,41479,67.23
6,제6회 전국동시지방선거,2014-06-04,제주특별자치도,제주시,제주특별자치도 제주시,340604,208224,3520,132380,61.13
6,제6회 전국동시지방선거,2014-06-04,충청남도,계룡시,충청남도 계룡시,29874,19557,266,10317,65.46
6,제6회 전국동시지방선거,2014-06-04,충청남도,공주시,충청남도 공주시,96439,57596,1492,38843,59.72
6,제6회 전국동시지방선거,2014-06-04,충청남도,금산군,충청남도 금산군,46813,30036,1177,16777,64.16
6,제6회 전국동시지방선거,2014-06-04,충청남도,논산시,충청남도 논산시,103962,62061,1931,41901,59.7
6,제6회 전국동시지방선거,2014-06-04,충청남도,당진시,충청남도 당진시,128636,69446,1929,59190,53.99
6,제6회 전국동시지방선거,2014-06-04,충청남도,보령시,충청남도 보령시,86603,55365,2110,31238,63.93
6,제6회 전국동시지방선거,2014-06-04,충청남도,부여군,충청남도 부여군,61543,38919,1449,22624,63.24
6,제6회 전국동시지방선거,2014-06-04,충청남도,서산시,충청남도 서산시,130906,70754,1687,60152,54.05
6,제6회 전국동시지방선거,2014-06-04,충청남도,서천군,충청남도 서천군,50159,33416,1485,16743,66.62
6,제6회 전국동시지방선거,2014-06-04,충청남도,아산시,충청남도 아산시,222224,113433,2011,108791,51.04
6,제6회 전국동시지방선거,2014-06-04,충청남도,예산군,충청남도 예산군,72147,44138,1522,28009,61.18
6,제6회 전국동시지방선거,2014-06-04,충청남도,천안시동남구,충청남도 천안시동남구,236496,117049,1495,119447,49.49
6,제6회 전국동시지방선거,2014-06-04,충청남도,천안시서북구,충청남도 천안시서북구,223113,103339,1139,119774,46.32
6,제6회 전국동시지방선거,2014-06-04,충청남도,청양군,충청남도 청양군,27844,20860,1044,6984,74.92
6,제6회 전국동시지방선거,2014-06-04,충청남도,태안군,충청남도 태안군,53331,35682,1710,17649,66.91
6,제6회 전국동시지방선거,2014-06-04,충청남도,홍성군,충청남도 홍성군,74464,44555,1246,29909,59.83
6,제6회 전국동시지방선거,2014-06-04,충청북도,괴산군,충청북도 괴산군,33704,24261,991,9443,71.98
6,제6회 전국동시지방선거,2014-06-04,충청북도,단양군,충청북도 단양군,26692,18685,609,8007,70.0
6,제6회 전국동시지방선거,2014-06-04,충청북도,보은군,충청북도 보은군,29809,22561,1003,7248,75.69
6,제6회 전국동시지방선거,2014-06-04,충청북도,영동군,충청북도 영동군,43012,30700,1132,12312,71.38
6,제6회 전국동시지방선거,2014-06-04,충청북도,옥천군,충청북도 옥천군,44490,30898,1210,13592,69.45
6,제6회 전국동시지방선거,2014-06-04,충청북도,음성군,충청북도 음성군,76435,42055,1178,34380,55.02
6,제6회 전국동시지방선거,2014-06-04,충청북도,제천시,충청북도 제천시,112013,67732,1574,44281,60.47
6,제6회 전국동시지방선거,2014-06-04,충청북도,증평군,충청북도 증평군,27482,18199,424,9283,66.22
6,제6회 전국동시지방선거,2014-06-04,충청북도,진천군,충청북도 진천군,52231,31683,772,20548,60.66
6,제6회 전국동시지방선거,2014-06-04,충청북도,청원군,충청북도 청원군,123457,70847,1542,52610,57.39
6,제6회 전국동시지방선거,2014-06-04,충청북도,청주시상당구,충청북도 청주시상당구,194201,107458,1277,86743,55.33
6,제6회 전국동시지방선거,2014-06-04,충청북도,청주시흥덕구,충청북도 청주시흥덕구,328448,178070,1890,150378,54.22
6,제6회 전국동시지방선거,2014-06-04,충청북도,충주시,충청북도 충주시,169145,97900,1590,71245,57.88
7,제7회 전국동시지방선거,2018-06-13,강원도,강릉시,강원도 강릉시,179767,108772,2252,70995,60.51
7,제7회 전국동시지방선거,2018-06-13,강원도,고성군,강원도 고성군,25496,18354,561,7142,71.99
7,제7회 전국동시지방선거,2018-06-13,강원도,동해시,강원도 동해시,75747,46923,1106,28824,61.95
7,제7회 전국동시지방선거,2018-06-13,강원도,삼척시,강원도 삼척시,59117,41032,1262,18085,69.41
7,제7회 전국동시지방선거,2018-06-13,강원도,속초시,강원도 속초시,68234,40493,813,27741,59.34
7,제7회 전국동시지방선거,2018-06-13,강원도,양구군,강원도 양구군,19596,14386,505,5210,73.41
7,제7회 전국동시지방선거,2018-06-13,강원도,양양군,강원도 양양군,24088,17864,502,6224,74.16
7,제7회 전국동시지방선거,2018-06-13,강원도,영월군,강원도 영월군,35214,23980,584,11234,68.1
7,제7회 전국동시지방선거,2018-06-13,강원도,원주시,강원도 원주시,278991,159235,2364,119756,57.08
7,제7회 전국동시지방선거,2018-06-13,강원도,인제군,강원도 인제군,27243,19632,583,7611,72.06
7,제7회 전국동시지방선거,2018-06-13,강원도,정선군,강원도 정선군,33293,23092,645,10201,69.36
7,제7회 전국동시지방선거,2018-06-13,강원도,철원군,강원도 철원군,39354,26230,848,13124,66.65
7,제7회 전국동시지방선거,2018-06-13,강원도,춘천시,강원도 춘천시,231430,144282,2559,87148,62.34
7,제7회 전국동시지방선거,2018-06-13,강원도,태백시,강원도 태백시,38386,25298,672,13088,65.9
7,제7회 전국동시지방선거,2018-06-13,강원도,평창군,강원도 평창군,37506,25475,554,12031,67.92
7,제7회 전국동시지방선거,2018-06-13,강원도,홍천군,강원도 홍천군,60386,39971,1093,20415,66.19
7,제7회 전국동시지방선거,2018-06-13,강원도,화천군,강원도 화천군,21783,16229,505,5554,74.5
7,제7회 전국동시지방선거,2018-06-13,강원도,횡성군,강원도 횡성군,40565,27945,882,12620,68.89
7,제7회 전국동시지방선거,2018-06-13,경기도,가평군,경기도 가평군,54583,35332,1275,19251,64.73
7,제7회 전국동시지방선거,2018-06-13,경기도,고양시덕양구,경기도 고양시덕양구,398866,232142,4178,166724,58.2
7,제7회 전국동시지방선거,2018-06-13,경기도,고양시일산동구,경기도 고양시일산동구,234054,132770,2329,101284,56.73
7,제7회 전국동시지방선거,2018-06-13,경기도,고양시일산서구,경기도 고양시일산서구,222085,132848,2218,89237,59.82
7,제7회 전국동시지방선거,2018-06-13,경기도,과천시,경기도 과천시,46715,32773,650,13942,70.16
7,제7회 전국동시지방선거,2018-06-13,경기도,광명시,경기도 광명시,270792,166883,3150,103909,61.63
7,제7회 전국동시지방선거,2018-06-13,경기도,광주시,경기도 광주시,287993,156147,2208,131846,54.22
7,제7회 전국동시지방선거,2018-06-13,경기도,구리시,경기도 구리시,165295,97711,1803,67584,59.11
7,제7회 전국동시지방선거,2018-06-13,경기도,군포시,경기도 군포시,228999,144561,2559,84438,63.13
7,제7회 전국동시지방선거,2018-06-13,경기도,김포시,경기도 김포시,316246,180079,2891,136167,56.94
7,제7회 전국동시지방선거,2018-06-13,경기도,남양주시,경기도 남양주시,537349,294809,5020,242540,54.86
7,제7회 전국동시지방선거,2018-06-13,경기도,동두천시,경기도 동두천시,80603,43685,1143,36918,54.2
7,제7회 전국동시지방선거,2018-06-13,경기도,부천시,경기도 부천시,715281,396259,7452,319022,55.4
7,제7회 전국동시지방선거,2018-06-13,경기도,성남시분당구,경기도 성남시분당구,401672,266966,3704,134706,66.46
7,제7회 전국동시지방선거,2018-06-13,경기도,성남시수정구,경기도 성남시수정구,204053,115704,2060,88349,56.7
7,제7회 전국동시지방선거,2018-06-13,경기도,성남시중원구,경기도 성남시중원구,195192,112200,1812,82992,57.48
7,제7회 전국동시지방선거,2018-06-13,경기도,수원시권선구,경기도 수원시권선구,342897,197363,3248,145534,57.56
7,제7회 전국동시지방선거,2018-06-13,경기도,수원시영통구,경기도 수원시영통구,273531,174692,2680,98839,63.87
7,제7회 전국동시지방선거,2018-06-13,경기도,수원시장안구,경기도 수원시장안구,202140,121951,2125,80189,60.33
7,제7회 전국동시지방선거,2018-06-13,경기도,수원시팔달구,경기도 수원시팔달구,161673,88388,1700,73285,54.67
7,제7회 전국동시지방선거,2018-06-13,경기도,시흥시,경기도 시흥시,350586,185308,3108,165278,52.86
7,제7회 전국동시지방선거,2018-06-13,경기도,안산시단원구,경기도 안산시단원구,252537,134644,2321,117893,53.32
7,제7회 전국동시지방선거,2018-06-13,경기도,안산시상록구,경기도 안산시상록구,301162,160049,3019,141113,53.14
7,제7회 전국동시지방선거,2018-06-13,경기도,안성시,경기도 안성시,149626,82039,1895,67587,54.83
7,제7회 전국동시지방선거,2018-06-13,경기도,안양시동안구,경기도 안양시동안구,268004,174899,2840,93105,65.26
7,제7회 전국동시지방선거,2018-06-13,경기도,안양시만안구,경기도 안양시만안구,216498,129861,2340,86637,59.98
7,제7회 전국동시지방선거,2018-06-13,경기도,양주시,경기도 양주시,171243,94177,1877,77066,55.0
7,제7회 전국동시지방선거,2018-06-13,경기도,양평군,경기도 양평군,98582,60999,1698,37583,61.88
7,제7회 전국동시지방선거,2018-06-13,경기도,여주시,경기도 여주시,94136,55404,1566,38732,58.86
7,제7회 전국동시지방선거,2018-06-13,경기도,연천군,경기도 연천군,38497,24793,805,13704,64.4
7,제7회 전국동시지방선거,2018-06-13,경기도,오산시,경기도 오산시,169638,90096,1635,79542,53.11
7,제7회 전국동시지방선거,2018-06-13,경기도,용인시기흥구,경기도 용인시기흥구,387109,245512,3821,141597,63.42
7,제7회 전국동시지방선거,2018-06-13,경기도,용인시수지구,경기도 용인시수지구,215189,139112,1832,76077,64.65
7,제7회 전국동시지방선거,2018-06-13,경기도,용인시처인구,경기도 용인시처인구,192573,106690,2196,85883,55.4
7,제7회 전국동시지방선거,2018-06-13,경기도,의왕시,경기도 의왕시,127960,82375,1605,45585,64.38
7,제7회 전국동시지방선거,2018-06-13,경기도,의정부시,경기도 의정부시,366459,198518,3541,167941,54.17
7,제7회 전국동시지방선거,2018-06-13,경기도,이천시,경기도 이천시,171518,93703,2079,77815,54.63
7,제7회 전국동시지방선거,2018-06-13,경기도,파주시,경기도 파주시,352518,193802,4056,158716,54.98
7,제7회 전국동시지방선거,2018-06-13,경기도,평택시,경기도 평택시,394222,209742,4482,184480,53.2
7,제7회 전국동시지방선거,2018-06-13,경기도,포천시,경기도 포천시,129049,70763,1833,58286,54.83
7,제7회 전국동시지방선거,2018-06-13,경기도,하남시,경기도 하남시,194181,115416,1842,78765,59.44
7,제7회 전국동시지방선거,2018-06-13,경기도,화성시,경기도 화성시,551721,313790,4832,237931,56.87
7,제7회 전국동시지방선거,2018-06-13,경상남도,거제시,경상남도 거제시,194485,122586,2196,71899,63.03
7,제7회 전국동시지방선거,2018-06-13,경상남도,거창군,경상남도 거창군,53061,39547,1199,13514,74.53
7,제7회 전국동시지방선거,2018-06-13,경상남도,고성군,경상남도 고성군,46588,34075,1191,12513,73.14
7,제7회 전국동시지방선거,2018-06-13,경상남도,김해시,경상남도 김해시,420296,251998,3302,168298,59.96
7,제7회 전국동시지방선거,2018-06-13,경상남도,남해군,경상남도 남해군,39731,30728,1376,9003,77.34
7,제7회 전국동시지방선거,2018-06-13,경상남도,밀양시,경상남도 밀양시,93081,62115,1617,30966,66.73
7,제7회 전국동시지방선거,2018-06-13,경상남도,사천시,경상남도 사천시,94449,65481,1705,28968,69.33
7,제7회 전국동시지방선거,2018-06-13,경상남도,산청군,경상남도 산청군,32408,24648,897,7760,76.06
7,제7회 전국동시지방선거,2018-06-13,경상남도,양산시,경상남도 양산시,275507,167549,2672,107958,60.81
7,제7회 전국동시지방선거,2018-06-13,경상남도,의령군,경상남도 의령군,24972,19912,923,5060,79.74
7,제7회 전국동시지방선거,2018-06-13,경상남도,진주시,경상남도 진주시,282049,190842,3097,91207,67.66
7,제7회 전국동시지방선거,2018-06-13,경상남도,창녕군,경상남도 창녕군,55922,39408,1124,16514,70.47
7,제7회 전국동시지방선거,2018-06-13,경상남도,창원시마산합포구,경상남도 창원시마산합포구,154311,99281,1695,55030,64.34
7,제7회 전국동시지방선거,2018-06-13,경상남도,창원시마산회원구,경상남도 창원시마산회원구,166500,109609,1690,56891,65.83
7,제7회 전국동시지방선거,2018-06-13,경상남도,창원시성산구,경상남도 창원시성산구,184600,125797,1665,58803,68.15
7,제7회 전국동시지방선거,2018-06-13,경상남도,창원시의창구,경상남도 창원시의창구,210327,135147,2072,75180,64.26
7,제7회 전국동시지방선거,2018-06-13,경상남도,창원시진해구,경상남도 창원시진해구,150396,93901,1510,56495,62.44
7,제7회 전국동시지방선거,2018-06-13,경상남도,통영시,경상남도 통영시,110317,72815,1508,37502,66.01
7,제7회 전국동시지방선거,2018-06-13,경상남도,하동군,경상남도 하동군,42568,33773,1406,8795,79.34
7,제7회 전국동시지방선거,2018-06-13,경상남도,함안군,경상남도 함안군,56780,40450,1175,16330,71.24
7,제7회 전국동시지방선거,2018-06-13,경상남도,함양군,경상남도 함양군,34972,27230,1127,7742,77.86
7,제7회 전국동시지방선거,2018-06-13,경상남도,합천군,경상남도 합천군,42165,32499,1526,9666,77.08
7,제7회 전국동시지방선거,2018-06-13,경상북도,경산시,경상북도 경산시,215139,118506,2933,96633,55.08
7,제7회 전국동시지방선거,2018-06-13,경상북도,경주시,경상북도 경주시,218273,139142,4845,79131,63.75
7,제7회 전국동시지방선거,2018-06-13,경상북도,고령군,경상북도 고령군,29462,20295,974,9167,68.89
7,제7회 전국동시지방선거,2018-06-13,경상북도,구미시,경상북도 구미시,332873,187236,4033,145637,56.25
7,제7회 전국동시지방선거,2018-06-13,경상북도,군위군,경상북도 군위군,22753,18641,1223,4112,81.93
7,제7회 전국동시지방선거,2018-06-13,경상북도,김천시,경상북도 김천시,119511,83567,2804,35944,69.92
7,제7회 전국동시지방선거,2018-06-13,경상북도,문경시,경상북도 문경시,62685,46221,2642,16464,73.74
7,제7회 전국동시지방선거,2018-06-13,경상북도,봉화군,경상북도 봉화군,29582,23343,1229,6239,78.91
7,제7회 전국동시지방선거,2018-06-13,경상북도,상주시,경상북도 상주시,87109,61995,3124,25114,71.17
7,제7회 전국동시지방선거,2018-06-13,경상북도,성주군,경상북도 성주군,40239,28866,1549,11373,71.74
7,제7회 전국동시지방선거,2018-06-13,경상북도,안동시,경상북도 안동시,137423,94434,3188,42989,68.72
7,제7회 전국동시지방선거,2018-06-13,경상북도,영덕군,경상북도 영덕군,34366,26337,1217,8029,76.64
7,제7회 전국동시지방선거,2018-06-13,경상북도,영양군,경상북도 영양군,15686,12905,683,2781,82.27
7,제7회 전국동시지방선거,2018-06-13,경상북도,영주시,경상북도 영주시,91447,63733,2373,27714,69.69
7,제7회 전국동시지방선거,2018-06-13,경상북도,영천시,경상북도 영천시,88000,60058,2638,27942,68.25
7,제7회 전국동시지방선거,2018-06-13,경상북도,예천군,경상북도 예천군,44218,34638,1708,9580,78.33
7,제7회 전국동시지방선거,2018-06-13,경상북도,울릉군,경상북도 울릉군,9057,7479,335,1578,82.58
7,제7회 전국동시지방선거,2018-06-13,경상북도,울진군,경상북도 울진군,43356,33184,2192,10172,76.54
7,제7회 전국동시지방선거,2018-06-13,경상북도,의성군,경상북도 의성군,48843,36240,2239,12603,74.2
7,제7회 전국동시지방선거,2018-06-13,경상북도,청도군,경상북도 청도군,39294,28370,1121,10924,72.2
7,제7회 전국동시지방선거,2018-06-13,경상북도,청송군,경상북도 청송군,23522,18151,932,5371,77.17
7,제7회 전국동시지방선거,2018-06-13,경상북도,칠곡군,경상북도 칠곡군,96894,54843,1516,42051,56.6
7,제7회 전국동시지방선거,2018-06-13,경상북도,포항시남구,경상북도 포항시남구,198696,119400,2797,79296,60.09
7,제7회 전국동시지방선거,2018-06-13,경상북도,포항시북구,경상북도 포항시북구,223110,139955,3236,83155,62.73
7,제7회 전국동시지방선거,2018-06-13,광주광역시,광산구,광주광역시 광산구,307011,178023,2734,128988,57.99
7,제7회 전국동시지방선거,2018-06-13,광주광역시,남구,광주광역시 남구,176964,106294,1841,70670,60.07
7,제7회 전국동시지방선거,2018-06-13,광주광역시,동구,광주광역시 동구,82265,51550,1133,30715,62.66
7,제7회 전국동시지방선거,2018-06-13,광주광역시,북구,광주광역시 북구,358914,210587,3580,148327,58.67
7,제7회 전국동시지방선거,2018-06-13,광주광역시,서구,광주광역시 서구,247275,147798,2254,99477,59.77
7,제7회 전국동시지방선거,2018-06-13,대구광역시,남구,대구광역시 남구,134493,72239,1573,62254,53.71
7,제7회 전국동시지방선거,2018-06-13,대구광역시,달서구,대구광역시 달서구,472669,266010,4273,206659,56.28
7,제7회 전국동시지방선거,2018-06-13,대구광역시,달성군,대구광역시 달성군,196837,115229,2460,81608,58.54
7,제7회 전국동시지방선거,2018-06-13,대구광역시,동구,대구광역시 동구,295860,171627,2890,124233,58.01
7,제7회 전국동시지방선거,2018-06-13,대구광역시,북구,대구광역시 북구,360010,205858,3502,154152,57.18
7,제7회 전국동시지방선거,2018-06-13,대구광역시,서구,대구광역시 서구,167260,89634,2043,77626,53.59
7,제7회 전국동시지방선거,2018-06-13,대구광역시,수성구,대구광역시 수성구,351854,211819,2638,140035,60.2
7,제7회 전국동시지방선거,2018-06-13,대구광역시,중구,대구광역시 중구,68303,39863,668,28440,58.36
7,제7회 전국동시지방선거,2018-06-13,대전광역시,대덕구,대전광역시 대덕구,154079,88850,1567,65229,57.67
7,제7회 전국동시지방선거,2018-06-13,대전광역시,동구,대전광역시 동구,191362,106341,2028,85021,55.57
7,제7회 전국동시지방선거,2018-06-13,대전광역시,서구,대전광역시 서구,395367,226532,2654,168835,57.3
7,제7회 전국동시지방선거,2018-06-13,대전광역시,유성구,대전광역시 유성구,272663,168310,1605,104353,61.73
7,제7회 전국동시지방선거,2018-06-13,대전광역시,중구,대전광역시 중구,206042,116950,1847,89092,56.76
7,제7회 전국동시지방선거,2018-06-13,부산광역시,강서구,부산광역시 강서구,92854,55518,663,37336,59.79
7,제7회 전국동시지방선거,2018-06-13,부산광역시,금정구,부산광역시 금정구,210978,126589,1841,84389,60.0
7,제7회 전국동시지방선거,2018-06-13,부산광역시,기장군,부산광역시 기장군,127882,76285,1494,51597,59.65
7,제7회 전국동시지방선거,2018-06-13,부산광역시,남구,부산광역시 남구,234211,140451,2076,93760,59.97
7,제7회 전국동시지방선거,2018-06-13,부산광역시,동구,부산광역시 동구,79091,46288,967,32803,58.52
7,제7회 전국동시지방선거,2018-06-13,부산광역시,동래구,부산광역시 동래구,226713,135595,1729,91118,59.81
7,제7회 전국동시지방선거,2018-06-13,부산광역시,부산진구,부산광역시 부산진구,319402,184063,2752,135339,57.63
7,제7회 전국동시지방선거,2018-06-13,부산광역시,북구,부산광역시 북구,253907,152125,1997,101782,59.91
7,제7회 전국동시지방선거,2018-06-13,부산광역시,사상구,부산광역시 사상구,195478,114155,2064,81323,58.4
7,제7회 전국동시지방선거,2018-06-13,부산광역시,사하구,부산광역시 사하구,281099,160688,2344,120411,57.16
7,제7회 전국동시지방선거,2018-06-13,부산광역시,서구,부산광역시 서구,97123,55377,1024,41746,57.02
7,제7회 전국동시지방선거,2018-06-13,부산광역시,수영구,부산광역시 수영구,155794,90474,1052,65320,58.07
7,제7회 전국동시지방선거,2018-06-13,부산광역시,연제구,부산광역시 연제구,174673,105913,1309,68760,60.64
7,제7회 전국동시지방선거,2018-06-13,부산광역시,영도구,부산광역시 영도구,107930,61332,1022,46598,56.83
7,제7회 전국동시지방선거,2018-06-13,부산광역시,중구,부산광역시 중구,39832,22499,396,17333,56.48
7,제7회 전국동시지방선거,2018-06-13,부산광역시,해운대구,부산광역시 해운대구,342079,200332,2158,141747,58.56
7,제7회 전국동시지방선거,2018-06-13,서울특별시,강남구,서울특별시 강남구,454862,266153,2215,188709,58.51
7,제7회 전국동시지방선거,2018-06-13,서울특별시,강동구,서울특별시 강동구,365176,218557,2275,146619,59.85
7,제7회 전국동시지방선거,2018-06-13,서울특별시,강북구,서울특별시 강북구,280860,156279,2298,124581,55.64
7,제7회 전국동시지방선거,2018-06-13,서울특별시,강서구,서울특별시 강서구,509021,303651,3242,205370,59.65
7,제7회 전국동시지방선거,2018-06-13,서울특별시,관악구,서울특별시 관악구,449742,265465,3371,184277,59.03
7,제7회 전국동시지방선거,2018-06-13,서울특별시,광진구,서울특별시 광진구,308174,180373,2005,127801,58.53
7,제7회 전국동시지방선거,2018-06-13,서울특별시,구로구,서울특별시 구로구,351457,211169,2406,140288,60.08
7,제7회 전국동시지방선거,2018-06-13,서울특별시,금천구,서울특별시 금천구,206762,116953,1618,89809,56.56
7,제7회 전국동시지방선거,2018-06-13,서울특별시,노원구,서울특별시 노원구,456370,283039,3461,173331,62.02
7,제7회 전국동시지방선거,2018-06-13,서울특별시,도봉구,서울특별시 도봉구,292696,173751,2142,118945,59.36
7,제7회 전국동시지방선거,2018-06-13,서울특별시,동대문구,서울특별시 동대문구,302939,178077,2354,124862,58.78
7,제7회 전국동시지방선거,2018-06-13,서울특별시,동작구,서울특별시 동작구,340489,213232,2300,127257,62.63
7,제7회 전국동시지방선거,2018-06-13,서울특별시,마포구,서울특별시 마포구,320091,197264,2003,122827,61.63
7,제7회 전국동시지방선거,2018-06-13,서울특별시,서대문구,서울특별시 서대문구,269182,163969,2127,105213,60.91
7,제7회 전국동시지방선거,2018-06-13,서울특별시,서초구,서울특별시 서초구,359734,226905,1893,132829,63.08
7,제7회 전국동시지방선거,2018-06-13,서울특별시,성동구,서울특별시 성동구,264634,157863,1997,106771,59.65
7,제7회 전국동시지방선거,2018-06-13,서울특별시,성북구,서울특별시 성북구,373174,222184,2683,150990,59.54
7,제7회 전국동시지방선거,2018-06-13,서울특별시,송파구,서울특별시 송파구,554983,348956,3137,206027,62.88
7,제7회 전국동시지방선거,2018-06-13,서울특별시,양천구,서울특별시 양천구,383104,238559,2468,144545,62.27
7,제7회 전국동시지방선거,2018-06-13,서울특별시,영등포구,서울특별시 영등포구,325036,195840,2197,129196,60.25
7,제7회 전국동시지방선거,2018-06-13,서울특별시,용산구,서울특별시 용산구,200009,116054,1392,83955,58.02
7,제7회 전국동시지방선거,2018-06-13,서울특별시,은평구,서울특별시 은평구,413112,238193,2822,174919,57.66
7,제7회 전국동시지방선거,2018-06-13,서울특별시,종로구,서울특별시 종로구,134963,81195,1104,53768,60.16
7,제7회 전국동시지방선거,2018-06-13,서울특별시,중구,서울특별시 중구,112336,66474,983,45862,59.17
7,제7회 전국동시지방선거,2018-06-13,서울특별시,중랑구,서울특별시 중랑구,352041,198943,2733,153098,56.51
7,제7회 전국동시지방선거,2018-06-13,세종특별자치시,세종특별자치시,세종특별자치시 세종특별자치시,222852,137603,1717,85249,61.75
7,제7회 전국동시지방선거,2018-06-13,울산광역시,남구,울산광역시 남구,274930,176694,2445,98236,64.27
7,제7회 전국동시지방선거,2018-06-13,울산광역시,동구,울산광역시 동구,134316,86763,1850,47553,64.6
7,제7회 전국동시지방선거,2018-06-13,울산광역시,북구,울산광역시 북구,159030,104132,1286,54898,65.48
7,제7회 전국동시지방선거,2018-06-13,울산광역시,울주군,울산광역시 울주군,179366,114772,2626,64594,63.99
7,제7회 전국동시지방선거,2018-06-13,울산광역시,중구,울산광역시 중구,194908,128337,2465,66571,65.84
7,제7회 전국동시지방선거,2018-06-13,인천광역시,강화군,인천광역시 강화군,60755,39940,1408,20815,65.74
7,제7회 전국동시지방선거,2018-06-13,인천광역시,계양구,인천광역시 계양구,266216,143889,2062,122327,54.05
7,제7회 전국동시지방선거,2018-06-13,인천광역시,남구,인천광역시 남구,356508,183835,3138,172673,51.57
7,제7회 전국동시지방선거,2018-06-13,인천광역시,남동구,인천광역시 남동구,441132,246564,3300,194568,55.89
7,제7회 전국동시지방선거,2018-06-13,인천광역시,동구,인천광역시 동구,57559,34757,744,22802,60.38
7,제7회 전국동시지방선거,2018-06-13,인천광역시,부평구,인천광역시 부평구,448618,241811,3405,206807,53.9
7,제7회 전국동시지방선거,2018-06-13,인천광역시,서구,인천광역시 서구,422819,230166,2903,192653,54.44
7,제7회 전국동시지방선거,2018-06-13,인천광역시,연수구,인천광역시 연수구,269626,160548,1958,109078,59.54
7,제7회 전국동시지방선거,2018-06-13,인천광역시,옹진군,인천광역시 옹진군,18938,13908,653,5030,73.44
7,제7회 전국동시지방선거,2018-06-13,인천광역시,중구,인천광역시 중구,98608,53666,864,44942,54.42
7,제7회 전국동시지방선거,2018-06-13,전라남도,강진군,전라남도 강진군,31919,23902,1056,8017,74.88
7,제7회 전국동시지방선거,2018-06-13,전라남도,고흥군,전라남도 고흥군,59446,47954,3479,11492,80.67
7,제7회 전국동시지방선거,2018-06-13,전라남도,곡성군,전라남도 곡성군,26739,20723,1207,6016,77.5
7,제7회 전국동시지방선거,2018-06-13,전라남도,광양시,전라남도 광양시,122154,83720,2625,38434,68.54
7,제7회 전국동시지방선거,2018-06-13,전라남도,구례군,전라남도 구례군,23743,19333,1059,4410,81.43
7,제7회 전국동시지방선거,2018-06-13,전라남도,나주시,전라남도 나주시,93513,61444,2333,32069,65.71
7,제7회 전국동시지방선거,2018-06-13,전라남도,담양군,전라남도 담양군,41703,29739,1200,11964,71.31
7,제7회 전국동시지방선거,2018-06-13,전라남도,목포시,전라남도 목포시,186864,119950,3185,66914,64.19
7,제7회 전국동시지방선거,2018-06-13,전라남도,무안군,전라남도 무안군,66517,46087,2127,20430,69.29
7,제7회 전국동시지방선거,2018-06-13,전라남도,보성군,전라남도 보성군,38546,29110,1743,9436,75.52
7,제7회 전국동시지방선거,2018-06-13,전라남도,순천시,전라남도 순천시,225673,144341,3605,81332,63.96
7,제7회 전국동시지방선거,2018-06-13,전라남도,신안군,전라남도 신안군,38023,30146,2853,7877,79.28
7,제7회 전국동시지방선거,2018-06-13,전라남도,여수시,전라남도 여수시,235359,153554,3858,81805,65.24
7,제7회 전국동시지방선거,2018-06-13,전라남도,영광군,전라남도 영광군,46689,32953,1684,13736,70.58
7,제7회 전국동시지방선거,2018-06-13,전라남도,영암군,전라남도 영암군,46588,31569,1437,15019,67.76
7,제7회 전국동시지방선거,2018-06-13,전라남도,완도군,전라남도 완도군,44758,34573,1605,10185,77.24
7,제7회 전국동시지방선거,2018-06-13,전라남도,장성군,전라남도 장성군,39603,29751,1678,9852,75.12
7,제7회 전국동시지방선거,2018-06-13,전라남도,장흥군,전라남도 장흥군,34777,26630,1443,8147,76.57
7,제7회 전국동시지방선거,2018-06-13,전라남도,진도군,전라남도 진도군,27441,21408,1193,6033,78.01
7,제7회 전국동시지방선거,2018-06-13,전라남도,함평군,전라남도 함평군,30165,22405,1289,7760,74.27
7,제7회 전국동시지방선거,2018-06-13,전라남도,해남군,전라남도 해남군,62461,44449,1908,18012,71.16
7,제7회 전국동시지방선거,2018-06-13,전라남도,화순군,전라남도 화순군,54543,38366,1535,16177,70.34
7,제7회 전국동시지방선거,2018-06-13,전라북도,고창군,전라북도 고창군,50442,37333,1854,13109,74.01
7,제7회 전국동시지방선거,2018-06-13,전라북도,군산시,전라북도 군산시,223434,134447,4024,88987,60.17
7,제7회 전국동시지방선거,2018-06-13,전라북도,김제시,전라북도 김제시,74992,51664,1970,23328,68.89
7,제7회 전국동시지방선거,2018-06-13,전라북도,남원시,전라북도 남원시,69930,51530,1978,18400,73.69
7,제7회 전국동시지방선거,2018-06-13,전라북도,무주군,전라북도 무주군,21573,17370,981,4203,80.52
7,제7회 전국동시지방선거,2018-06-13,전라북도,부안군,전라북도 부안군,48572,34843,1603,13729,71.73
7,제7회 전국동시지방선거,2018-06-13,전라북도,순창군,전라북도 순창군,25441,20603,984,4838,80.98
7,제7회 전국동시지방선거,2018-06-13,전라북도,완주군,전라북도 완주군,78531,52837,1662,25694,67.28
7,제7회 전국동시지방선거,2018-06-13,전라북도,익산시,전라북도 익산시,245566,153275,4363,92291,62.42
7,제7회 전국동시지방선거,2018-06-13,전라북도,임실군,전라북도 임실군,25942,20073,878,5869,77.38
7,제7회 전국동시지방선거,2018-06-13,전라북도,장수군,전라북도 장수군,20072,16591,915,3481,82.66
7,제7회 전국동시지방선거,2018-06-13,전라북도,전주시덕진구,전라북도 전주시덕진구,210274,130716,2127,79558,62.16
7,제7회 전국동시지방선거,2018-06-13,전라북도,전주시완산구,전라북도 전주시완산구,313929,193303,3348,120626,61.58
7,제7회 전국동시지방선거,2018-06-13,전라북도,정읍시,전라북도 정읍시,96002,64334,2592,31668,67.01
7,제7회 전국동시지방선거,2018-06-13,전라북도,진안군,전라북도 진안군,23029,17585,758,5444,76.36
7,제7회 전국동시지방선거,2018-06-13,제주특별자치도,서귀포시,제주특별자치도 서귀포시,148598,100767,2211,47831,67.81
7,제7회 전국동시지방선거,2018-06-13,제주특별자치도,제주시,제주특별자치도 제주시,383917,250176,4128,133741,65.16
7,제7회 전국동시지방선거,2018-06-13,충청남도,계룡시,충청남도 계룡시,33093,22134,437,10959,66.88
7,제7회 전국동시지방선거,2018-06-13,충청남도,공주시,충청남도 공주시,92935,56756,1649,36179,61.07
7,제7회 전국동시지방선거,2018-06-13,충청남도,금산군,충청남도 금산군,46310,30788,1130,15522,66.48
7,제7회 전국동시지방선거,2018-06-13,충청남도,논산시,충청남도 논산시,103367,62960,1933,40407,60.91
7,제7회 전국동시지방선거,2018-06-13,충청남도,당진시,충청남도 당진시,135932,76663,1848,59269,56.4
7,제7회 전국동시지방선거,2018-06-13,충청남도,보령시,충청남도 보령시,87281,56352,2131,30929,64.56
7,제7회 전국동시지방선거,2018-06-13,충청남도,부여군,충청남도 부여군,60334,40207,1551,20127,66.64
7,제7회 전국동시지방선거,2018-06-13,충청남도,서산시,충청남도 서산시,139529,82003,2124,57526,58.77
7,제7회 전국동시지방선거,2018-06-13,충청남도,서천군,충청남도 서천군,48407,33965,1735,14442,70.17
7,제7회 전국동시지방선거,2018-06-13,충청남도,아산시,충청남도 아산시,244293,129980,2333,114313,53.21
7,제7회 전국동시지방선거,2018-06-13,충청남도,예산군,충청남도 예산군,70654,44251,1756,26403,62.63
7,제7회 전국동시지방선거,2018-06-13,충청남도,천안시동남구,충청남도 천안시동남구,211724,106417,1939,105307,50.26
7,제7회 전국동시지방선거,2018-06-13,충청남도,천안시서북구,충청남도 천안시서북구,298093,159458,2228,138635,53.49
7,제7회 전국동시지방선거,2018-06-13,충청남도,청양군,충청남도 청양군,28741,21229,920,7512,73.86
7,제7회 전국동시지방선거,2018-06-13,충청남도,태안군,충청남도 태안군,55792,37240,1728,18552,66.75
7,제7회 전국동시지방선거,2018-06-13,충청남도,홍성군,충청남도 홍성군,83928,51044,1546,32884,60.82
7,제7회 전국동시지방선거,2018-06-13,충청북도,괴산군,충청북도 괴산군,34902,25078,851,9824,71.85
7,제7회 전국동시지방선거,2018-06-13,충청북도,단양군,충청북도 단양군,26796,19078,540,7718,71.2
7,제7회 전국동시지방선거,2018-06-13,충청북도,보은군,충청북도 보은군,30016,22735,861,7281,75.74
7,제7회 전국동시지방선거,2018-06-13,충청북도,영동군,충청북도 영동군,43904,31226,1059,12678,71.12
7,제7회 전국동시지방선거,2018-06-13,충청북도,옥천군,충청북도 옥천군,44862,30485,957,14377,67.95
7,제7회 전국동시지방선거,2018-06-13,충청북도,음성군,충청북도 음성군,81826,47528,1205,34298,58.08
7,제7회 전국동시지방선거,2018-06-13,충청북도,제천시,충청북도 제천시,114513,70289,1579,44224,61.38
7,제7회 전국동시지방선거,2018-06-13,충청북도,증평군,충청북도 증평군,30638,19435,431,11203,63.43
7,제7회 전국동시지방선거,2018-06-13,충청북도,진천군,충청북도 진천군,61715,36734,905,24981,59.52
7,제7회 전국동시지방선거,2018-06-13,충청북도,청주시상당구,충청북도 청주시상당구,140405,80162,1306,60243,57.09
7,제7회 전국동시지방선거,2018-06-13,충청북도,청주시서원구,충청북도 청주시서원구,174307,100218,1464,74089,57.5
7,제7회 전국동시지방선거,2018-06-13,충청북도,청주시청원구,충청북도 청주시청원구,154249,85634,1195,68615,55.52
7,제7회 전국동시지방선거,2018-06-13,충청북도,청주시흥덕구,충청북도 청주시흥덕구,204639,110108,1615,94531,53.81
7,제7회 전국동시지방선거,2018-06-13,충청북도,충주시,충청북도 충주시,175414,103606,1897,71808,59.06
8,제8회 전국동시지방선거,2022-06-01,강원도,강릉시,강원도 강릉시,185804,101944,1606,83860,54.87
8,제8회 전국동시지방선거,2022-06-01,강원도,고성군,강원도 고성군,24776,16776,588,8000,67.71
8,제8회 전국동시지방선거,2022-06-01,강원도,동해시,강원도 동해시,76886,42047,817,34839,54.69
8,제8회 전국동시지방선거,2022-06-01,강원도,삼척시,강원도 삼척시,57023,37549,923,19474,65.85
8,제8회 전국동시지방선거,2022-06-01,강원도,속초시,강원도 속초시,71621,37094,704,34527,51.79
8,제8회 전국동시지방선거,2022-06-01,강원도,양구군,강원도 양구군,18552,12804,356,5748,69.02
8,제8회 전국동시지방선거,2022-06-01,강원도,양양군,강원도 양양군,25359,16671,477,8688,65.74
8,제8회 전국동시지방선거,2022-06-01,강원도,영월군,강원도 영월군,34371,22806,495,11565,66.35
8,제8회 전국동시지방선거,2022-06-01,강원도,원주시,강원도 원주시,304060,157538,2399,146522,51.81
8,제8회 전국동시지방선거,2022-06-01,강원도,인제군,강원도 인제군,27939,18540,707,9399,66.36
8,제8회 전국동시지방선거,2022-06-01,강원도,정선군,강원도 정선군,32001,22082,745,9919,69.0
8,제8회 전국동시지방선거,2022-06-01,강원도,철원군,강원도 철원군,37099,22454,850,14645,60.52
8,제8회 전국동시지방선거,2022-06-01,강원도,춘천시,강원도 춘천시,244406,137765,1925,106641,56.37
8,제8회 전국동시지방선거,2022-06-01,강원도,태백시,강원도 태백시,35236,22538,528,12698,63.96
8,제8회 전국동시지방선거,2022-06-01,강원도,평창군,강원도 평창군,37372,25363,395,12009,67.87
8,제8회 전국동시지방선거,2022-06-01,강원도,홍천군,강원도 홍천군,60743,36940,738,23803,60.81
8,제8회 전국동시지방선거,2022-06-01,강원도,화천군,강원도 화천군,21055,13837,430,7218,65.72
8,제8회 전국동시지방선거,2022-06-01,강원도,횡성군,강원도 횡성군,41777,27750,588,14027,66.42
8,제8회 전국동시지방선거,2022-06-01,경기도,가평군,경기도 가평군,55791,33165,920,22626,59.45
8,제8회 전국동시지방선거,2022-06-01,경기도,고양시덕양구,경기도 고양시덕양구,461775,241090,2133,220685,52.21
8,제8회 전국동시지방선거,2022-06-01,경기도,고양시일산동구,경기도 고양시일산동구,229024,117269,875,111755,51.2
8,제8회 전국동시지방선거,2022-06-01,경기도,고양시일산서구,경기도 고양시일산서구,233891,125052,1012,108839,53.47
8,제8회 전국동시지방선거,2022-06-01,경기도,과천시,경기도 과천시,65220,42668,335,22552,65.42
8,제8회 전국동시지방선거,2022-06-01,경기도,광명시,경기도 광명시,247233,139612,1399,107621,56.47
8,제8회 전국동시지방선거,2022-06-01,경기도,광주시,경기도 광주시,329651,152145,1348,177506,46.15
8,제8회 전국동시지방선거,2022-06-01,경기도,구리시,경기도 구리시,164045,88191,939,75854,53.76
8,제8회 전국동시지방선거,2022-06-01,경기도,군포시,경기도 군포시,231192,128263,1165,102929,55.48
8,제8회 전국동시지방선거,2022-06-01,경기도,김포시,경기도 김포시,392604,195865,1629,196739,49.89
8,제8회 전국동시지방선거,2022-06-01,경기도,남양주시,경기도 남양주시,610260,299336,3120,310924,49.05
8,제8회 전국동시지방선거,2022-06-01,경기도,동두천시,경기도 동두천시,81074,39750,650,41324,49.03
8,제8회 전국동시지방선거,2022-06-01,경기도,부천시,경기도 부천시,702974,347502,3499,355472,49.43
8,제8회 전국동시지방선거,2022-06-01,경기도,성남시분당구,경기도 성남시분당구,404133,250683,1402,153450,62.03
8,제8회 전국동시지방선거,2022-06-01,경기도,성남시수정구,경기도 성남시수정구,208907,106922,1232,101985,51.18
8,제8회 전국동시지방선거,2022-06-01,경기도,성남시중원구,경기도 성남시중원구,185468,94477,1118,90991,50.94
8,제8회 전국동시지방선거,2022-06-01,경기도,수원시권선구,경기도 수원시권선구,352407,173856,1602,178551,49.33
8,제8회 전국동시지방선거,2022-06-01,경기도,수원시영통구,경기도 수원시영통구,296856,160556,1039,136300,54.09
8,제8회 전국동시지방선거,2022-06-01,경기도,수원시장안구,경기도 수원시장안구,199204,106092,1034,93112,53.26
8,제8회 전국동시지방선거,2022-06-01,경기도,수원시팔달구,경기도 수원시팔달구,164086,79283,858,84803,48.32
8,제8회 전국동시지방선거,2022-06-01,경기도,시흥시,경기도 시흥시,431352,195139,1819,236213,45.24
8,제8회 전국동시지방선거,2022-06-01,경기도,안산시단원구,경기도 안산시단원구,266229,121621,1338,144608,45.68
8,제8회 전국동시지방선거,2022-06-01,경기도,안산시상록구,경기도 안산시상록구,305390,138968,1469,166422,45.51
8,제8회 전국동시지방선거,2022-06-01,경기도,안성시,경기도 안성시,163518,81764,1196,81754,50.0
8,제8회 전국동시지방선거,2022-06-01,경기도,안양시동안구,경기도 안양시동안구,265101,155858,1177,109243,58.79
8,제8회 전국동시지방선거,2022-06-01,경기도,안양시만안구,경기도 안양시만안구,208936,111050,1177,97886,53.15
8,제8회 전국동시지방선거,2022-06-01,경기도,양주시,경기도 양주시,197751,95175,1152,102576,48.13
8,제8회 전국동시지방선거,2022-06-01,경기도,양평군,경기도 양평군,107165,63429,1028,43736,59.19
8,제8회 전국동시지방선거,2022-06-01,경기도,여주시,경기도 여주시,98333,50666,920,47667,51.52
8,제8회 전국동시지방선거,2022-06-01,경기도,연천군,경기도 연천군,37898,22800,611,15098,60.16
8,제8회 전국동시지방선거,2022-06-01,경기도,오산시,경기도 오산시,190375,83231,931,107144,43.72
8,제8회 전국동시지방선거,2022-06-01,경기도,용인시기흥구,경기도 용인시기흥구,434819,241266,1624,193553,55.49
8,제8회 전국동시지방선거,2022-06-01,경기도,용인시수지구,경기도 용인시수지구,231983,135909,751,96074,58.59
8,제8회 전국동시지방선거,2022-06-01,경기도,용인시처인구,경기도 용인시처인구,222743,105135,1276,117608,47.2
8,제8회 전국동시지방선거,2022-06-01,경기도,의왕시,경기도 의왕시,138928,80575,763,58353,58.0
8,제8회 전국동시지방선거,2022-06-01,경기도,의정부시,경기도 의정부시,400177,187916,1894,212261,46.96
8,제8회 전국동시지방선거,2022-06-01,경기도,이천시,경기도 이천시,188563,88738,1389,99825,47.06
8,제8회 전국동시지방선거,2022-06-01,경기도,파주시,경기도 파주시,403729,187129,2179,216600,46.35
8,제8회 전국동시지방선거,2022-06-01,경기도,평택시,경기도 평택시,478356,208218,2385,270138,43.53
8,제8회 전국동시지방선거,2022-06-01,경기도,포천시,경기도 포천시,131980,67777,1449,64203,51.35
8,제8회 전국동시지방선거,2022-06-01,경기도,하남시,경기도 하남시,266856,139747,1152,127109,52.37
8,제8회 전국동시지방선거,2022-06-01,경기도,화성시,경기도 화성시,711229,336743,2833,374486,47.35
8,제8회 전국동시지방선거,2022-06-01,경상남도,거제시,경상남도 거제시,193369,99292,1883,94077,51.35
8,제8회 전국동시지방선거,2022-06-01,경상남도,거창군,경상남도 거창군,52803,34758,1451,18045,65.83
8,제8회 전국동시지방선거,2022-06-01,경상남도,고성군,경상남도 고성군,44745,30306,988,14439,67.73
8,제8회 전국동시지방선거,2022-06-01,경상남도,김해시,경상남도 김해시,444484,203399,2608,241085,45.76
8,제8회 전국동시지방선거,2022-06-01,경상남도,남해군,경상남도 남해군,38538,27218,1227,11320,70.63
8,제8회 전국동시지방선거,2022-06-01,경상남도,밀양시,경상남도 밀양시,92419,50564,1332,41855,54.71
8,제8회 전국동시지방선거,2022-06-01,경상남도,사천시,경상남도 사천시,93946,55534,1513,38412,59.11
8,제8회 전국동시지방선거,2022-06-01,경상남도,산청군,경상남도 산청군,31488,21927,926,9561,69.64
8,제8회 전국동시지방선거,2022-06-01,경상남도,양산시,경상남도 양산시,294411,138401,2099,156010,47.01
8,제8회 전국동시지방선거,2022-06-01,경상남도,의령군,경상남도 의령군,24291,18229,1005,6062,75.04
8,제8회 전국동시지방선거,2022-06-01,경상남도,진주시,경상남도 진주시,292168,155185,2631,136983,53.11
8,제8회 전국동시지방선거,2022-06-01,경상남도,창녕군,경상남도 창녕군,53616,34391,1234,19225,64.14
8,제8회 전국동시지방선거,2022-06-01,경상남도,창원시마산합포구,경상남도 창원시마산합포구,156850,83924,1264,72926,53.51
8,제8회 전국동시지방선거,2022-06-01,경상남도,창원시마산회원구,경상남도 창원시마산회원구,159983,85597,1233,74386,53.5
8,제8회 전국동시지방선거,2022-06-01,경상남도,창원시성산구,경상남도 창원시성산구,212811,112825,1011,99986,53.02
8,제8회 전국동시지방선거,2022-06-01,경상남도,창원시의창구,경상남도 창원시의창구,185184,94824,1155,90360,51.21
8,제8회 전국동시지방선거,2022-06-01,경상남도,창원시진해구,경상남도 창원시진해구,159730,75210,1150,84520,47.09
8,제8회 전국동시지방선거,2022-06-01,경상남도,통영시,경상남도 통영시,106064,61244,1223,44820,57.74
8,제8회 전국동시지방선거,2022-06-01,경상남도,하동군,경상남도 하동군,39428,29113,1345,10315,73.84
8,제8회 전국동시지방선거,2022-06-01,경상남도,함안군,경상남도 함안군,54125,32076,976,22049,59.26
8,제8회 전국동시지방선거,2022-06-01,경상남도,함양군,경상남도 함양군,34399,26020,1387,8379,75.64
8,제8회 전국동시지방선거,2022-06-01,경상남도,합천군,경상남도 합천군,39435,27363,1431,12072,69.39
8,제8회 전국동시지방선거,2022-06-01,경상북도,경산시,경상북도 경산시,230676,100056,2224,130620,43.38
8,제8회 전국동시지방선거,2022-06-01,경상북도,경주시,경상북도 경주시,220490,109647,2775,110843,49.73
8,제8회 전국동시지방선거,2022-06-01,경상북도,고령군,경상북도 고령군,27757,17420,682,10337,62.76
8,제8회 전국동시지방선거,2022-06-01,경상북도,구미시,경상북도 구미시,337510,144547,1917,192963,42.83
8,제8회 전국동시지방선거,2022-06-01,경상북도,군위군,경상북도 군위군,22054,17845,1291,4209,80.92
8,제8회 전국동시지방선거,2022-06-01,경상북도,김천시,경상북도 김천시,120471,67277,1586,53194,55.84
8,제8회 전국동시지방선거,2022-06-01,경상북도,문경시,경상북도 문경시,64160,40384,1370,23776,62.94
8,제8회 전국동시지방선거,2022-06-01,경상북도,봉화군,경상북도 봉화군,27996,18883,741,9113,67.45
8,제8회 전국동시지방선거,2022-06-01,경상북도,상주시,경상북도 상주시,84980,54367,2115,30613,63.98
8,제8회 전국동시지방선거,2022-06-01,경상북도,성주군,경상북도 성주군,39451,26637,1023,12814,67.52
8,제8회 전국동시지방선거,2022-06-01,경상북도,안동시,경상북도 안동시,135862,74540,2140,61322,54.86
8,제8회 전국동시지방선거,2022-06-01,경상북도,영덕군,경상북도 영덕군,32124,21563,858,10561,67.12
8,제8회 전국동시지방선거,2022-06-01,경상북도,영양군,경상북도 영양군,14920,11532,575,3388,77.29
8,제8회 전국동시지방선거,2022-06-01,경상북도,영주시,경상북도 영주시,89061,56297,1872,32764,63.21
8,제8회 전국동시지방선거,2022-06-01,경상북도,영천시,경상북도 영천시,90932,51707,1862,39225,56.86
8,제8회 전국동시지방선거,2022-06-01,경상북도,예천군,경상북도 예천군,47561,29496,975,18065,62.02
8,제8회 전국동시지방선거,2022-06-01,경상북도,울릉군,경상북도 울릉군,8339,6795,308,1544,81.48
8,제8회 전국동시지방선거,2022-06-01,경상북도,울진군,경상북도 울진군,42063,28314,1381,13749,67.31
8,제8회 전국동시지방선거,2022-06-01,경상북도,의성군,경상북도 의성군,47168,34928,1733,12240,74.05
8,제8회 전국동시지방선거,2022-06-01,경상북도,청도군,경상북도 청도군,38574,27316,1148,11258,70.81
8,제8회 전국동시지방선거,2022-06-01,경상북도,청송군,경상북도 청송군,22790,16846,655,5944,73.92
8,제8회 전국동시지방선거,2022-06-01,경상북도,칠곡군,경상북도 칠곡군,96081,41978,960,54103,43.69
8,제8회 전국동시지방선거,2022-06-01,경상북도,포항시남구,경상북도 포항시남구,196727,90434,2102,106293,45.97
8,제8회 전국동시지방선거,2022-06-01,경상북도,포항시북구,경상북도 포항시북구,230960,105786,1852,125174,45.8
8,제8회 전국동시지방선거,2022-06-01,광주광역시,광산구,광주광역시 광산구,326410,108841,2070,217569,33.34
8,제8회 전국동시지방선거,2022-06-01,광주광역시,남구,광주광역시 남구,180158,71496,1173,108662,39.69
8,제8회 전국동시지방선거,2022-06-01,광주광역시,동구,광주광역시 동구,90255,38373,640,51882,42.52
8,제8회 전국동시지방선거,2022-06-01,광주광역시,북구,광주광역시 북구,363222,137865,2262,225357,37.96
8,제8회 전국동시지방선거,2022-06-01,광주광역시,서구,광주광역시 서구,246841,97941,1601,148900,39.68
8,제8회 전국동시지방선거,2022-06-01,대구광역시,남구,대구광역시 남구,129053,54686,901,74367,42.37
8,제8회 전국동시지방선거,2022-06-01,대구광역시,달서구,대구광역시 달서구,464339,192191,2341,272148,41.39
8,제8회 전국동시지방선거,2022-06-01,대구광역시,달성군,대구광역시 달성군,214580,91333,1286,123247,42.56
8,제8회 전국동시지방선거,2022-06-01,대구광역시,동구,대구광역시 동구,297073,131007,2058,166066,44.1
8,제8회 전국동시지방선거,2022-06-01,대구광역시,북구,대구광역시 북구,373423,160433,2295,212990,42.96
8,제8회 전국동시지방선거,2022-06-01,대구광역시,서구,대구광역시 서구,148238,66442,1283,81796,44.82
8,제8회 전국동시지방선거,2022-06-01,대구광역시,수성구,대구광역시 수성구,349048,157513,2522,191535,45.13
8,제8회 전국동시지방선거,2022-06-01,대구광역시,중구,대구광역시 중구,68825,29536,421,39289,42.91
8,제8회 전국동시지방선거,2022-06-01,대전광역시,대덕구,대전광역시 대덕구,152766,76133,1004,76633,49.84
8,제8회 전국동시지방선거,2022-06-01,대전광역시,동구,대전광역시 동구,191882,94041,1302,97841,49.01
8,제8회 전국동시지방선거,2022-06-01,대전광역시,서구,대전광역시 서구,399035,192546,2175,206489,48.25
8,제8회 전국동시지방선거,2022-06-01,대전광역시,유성구,대전광역시 유성구,289980,149576,1325,140404,51.58
8,제8회 전국동시지방선거,2022-06-01,대전광역시,중구,대전광역시 중구,199894,100343,1243,99551,50.2
8,제8회 전국동시지방선거,2022-06-01,부산광역시,강서구,부산광역시 강서구,112859,51492,565,61367,45.63
8,제8회 전국동시지방선거,2022-06-01,부산광역시,금정구,부산광역시 금정구,200445,102871,1371,97574,51.32
8,제8회 전국동시지방선거,2022-06-01,부산광역시,기장군,부산광역시 기장군,143871,64268,931,79603,44.67
8,제8회 전국동시지방선거,2022-06-01,부산광역시,남구,부산광역시 남구,227019,118507,1497,108512,52.2
8,제8회 전국동시지방선거,2022-06-01,부산광역시,동구,부산광역시 동구,80869,40832,760,40037,50.49
8,제8회 전국동시지방선거,2022-06-01,부산광역시,동래구,부산광역시 동래구,234034,116790,1157,117244,49.9
8,제8회 전국동시지방선거,2022-06-01,부산광역시,부산진구,부산광역시 부산진구,313025,149091,1737,163934,47.63
8,제8회 전국동시지방선거,2022-06-01,부산광역시,북구,부산광역시 북구,245787,125984,1394,119803,51.26
8,제8회 전국동시지방선거,2022-06-01,부산광역시,사상구,부산광역시 사상구,184625,87671,1304,96954,47.49
8,제8회 전국동시지방선거,2022-06-01,부산광역시,사하구,부산광역시 사하구,268863,126526,1749,142337,47.06
8,제8회 전국동시지방선거,2022-06-01,부산광역시,서구,부산광역시 서구,93426,47053,819,46373,50.36
8,제8회 전국동시지방선거,2022-06-01,부산광역시,수영구,부산광역시 수영구,156247,74913,799,81334,47.95
8,제8회 전국동시지방선거,2022-06-01,부산광역시,연제구,부산광역시 연제구,180173,92064,894,88109,51.1
8,제8회 전국동시지방선거,2022-06-01,부산광역시,영도구,부산광역시 영도구,99395,50231,932,49164,50.54
8,제8회 전국동시지방선거,2022-06-01,부산광역시,중구,부산광역시 중구,38236,19127,303,19109,50.02
8,제8회 전국동시지방선거,2022-06-01,부산광역시,해운대구,부산광역시 해운대구,337958,164774,1747,173184,48.76
8,제8회 전국동시지방선거,2022-06-01,서울특별시,강남구,서울특별시 강남구,450895,241549,1410,209346,53.57
8,제8회 전국동시지방선거,2022-06-01,서울특별시,강동구,서울특별시 강동구,397544,214084,1701,183460,53.85
8,제8회 전국동시지방선거,2022-06-01,서울특별시,강북구,서울특별시 강북구,268130,133390,1465,134740,49.75
8,제8회 전국동시지방선거,2022-06-01,서울특별시,강서구,서울특별시 강서구,504606,260947,2217,243659,51.71
8,제8회 전국동시지방선거,2022-06-01,서울특별시,관악구,서울특별시 관악구,450180,226801,2408,223379,50.38
8,제8회 전국동시지방선거,2022-06-01,서울특별시,광진구,서울특별시 광진구,305462,157005,1399,148457,51.4
8,제8회 전국동시지방선거,2022-06-01,서울특별시,구로구,서울특별시 구로구,353697,188094,1914,165603,53.18
8,제8회 전국동시지방선거,2022-06-01,서울특별시,금천구,서울특별시 금천구,212879,105833,1152,107046,49.72
8,제8회 전국동시지방선거,2022-06-01,서울특별시,노원구,서울특별시 노원구,441748,245152,2485,196596,55.5
8,제8회 전국동시지방선거,2022-06-01,서울특별시,도봉구,서울특별시 도봉구,280913,148579,1417,132334,52.89
8,제8회 전국동시지방선거,2022-06-01,서울특별시,동대문구,서울특별시 동대문구,302024,156964,1525,145060,51.97
8,제8회 전국동시지방선거,2022-06-01,서울특별시,동작구,서울특별시 동작구,344280,187383,1337,156897,54.43
8,제8회 전국동시지방선거,2022-06-01,서울특별시,마포구,서울특별시 마포구,324528,175023,1310,149505,53.93
8,제8회 전국동시지방선거,2022-06-01,서울특별시,서대문구,서울특별시 서대문구,271718,146970,1275,124748,54.09
8,제8회 전국동시지방선거,2022-06-01,서울특별시,서초구,서울특별시 서초구,342589,191862,958,150727,56.0
8,제8회 전국동시지방선거,2022-06-01,서울특별시,성동구,서울특별시 성동구,251990,139761,1312,112229,55.46
8,제8회 전국동시지방선거,2022-06-01,서울특별시,성북구,서울특별시 성북구,379123,202235,1738,176888,53.34
8,제8회 전국동시지방선거,2022-06-01,서울특별시,송파구,서울특별시 송파구,569507,313297,2280,256210,55.01
8,제8회 전국동시지방선거,2022-06-01,서울특별시,양천구,서울특별시 양천구,378444,209694,1374,168750,55.41
8,제8회 전국동시지방선거,2022-06-01,서울특별시,영등포구,서울특별시 영등포구,340017,181102,1459,158915,53.26
8,제8회 전국동시지방선거,2022-06-01,서울특별시,용산구,서울특별시 용산구,199061,104787,719,94274,52.64
8,제8회 전국동시지방선거,2022-06-01,서울특별시,은평구,서울특별시 은평구,418387,215968,2142,202419,51.62
8,제8회 전국동시지방선거,2022-06-01,서울특별시,종로구,서울특별시 종로구,129816,70657,641,59159,54.43
8,제8회 전국동시지방선거,2022-06-01,서울특별시,중구,서울특별시 중구,112039,60323,678,51716,53.84
8,제8회 전국동시지방선거,2022-06-01,서울특별시,중랑구,서울특별시 중랑구,348762,177701,1926,171061,50.95
8,제8회 전국동시지방선거,2022-06-01,세종특별자치시,세종특별자치시,세종특별자치시 세종특별자치시,292259,149751,1341,142508,51.24
8,제8회 전국동시지방선거,2022-06-01,울산광역시,남구,울산광역시 남구,267930,134765,1353,133165,50.3
8,제8회 전국동시지방선거,2022-06-01,울산광역시,동구,울산광역시 동구,127369,70833,1050,56536,55.61
8,제8회 전국동시지방선거,2022-06-01,울산광역시,북구,울산광역시 북구,175784,88502,1020,87282,50.35
8,제8회 전국동시지방선거,2022-06-01,울산광역시,울주군,울산광역시 울주군,189051,99375,1385,89676,52.57
8,제8회 전국동시지방선거,2022-06-01,울산광역시,중구,울산광역시 중구,181055,98391,1065,82664,54.34
8,제8회 전국동시지방선거,2022-06-01,인천광역시,강화군,인천광역시 강화군,63147,39088,1285,24059,61.9
8,제8회 전국동시지방선거,2022-06-01,인천광역시,계양구,인천광역시 계양구,258156,144721,1623,113435,56.06
8,제8회 전국동시지방선거,2022-06-01,인천광역시,남동구,인천광역시 남동구,441226,212064,2386,229162,48.06
8,제8회 전국동시지방선거,2022-06-01,인천광역시,동구,인천광역시 동구,52728,28942,537,23786,54.89
8,제8회 전국동시지방선거,2022-06-01,인천광역시,미추홀구,인천광역시 미추홀구,358612,160328,2061,198284,44.71
8,제8회 전국동시지방선거,2022-06-01,인천광역시,부평구,인천광역시 부평구,426463,202623,2279,223840,47.51
8,제8회 전국동시지방선거,2022-06-01,인천광역시,서구,인천광역시 서구,472254,218379,2477,253875,46.24
8,제8회 전국동시지방선거,2022-06-01,인천광역시,연수구,인천광역시 연수구,317883,164269,1327,153614,51.68
8,제8회 전국동시지방선거,2022-06-01,인천광역시,옹진군,인천광역시 옹진군,18895,12693,522,6202,67.18
8,제8회 전국동시지방선거,2022-06-01,인천광역시,중구,인천광역시 중구,124974,57362,837,67612,45.9
8,제8회 전국동시지방선거,2022-06-01,전라남도,강진군,전라남도 강진군,30148,21942,1101,8206,72.78
8,제8회 전국동시지방선거,2022-06-01,전라남도,고흥군,전라남도 고흥군,57371,44658,3168,12713,77.84
8,제8회 전국동시지방선거,2022-06-01,전라남도,곡성군,전라남도 곡성군,25196,18643,1010,6553,73.99
8,제8회 전국동시지방선거,2022-06-01,전라남도,광양시,전라남도 광양시,126604,69108,1823,57496,54.59
8,제8회 전국동시지방선거,2022-06-01,전라남도,구례군,전라남도 구례군,22848,17417,877,5431,76.23
8,제8회 전국동시지방선거,2022-06-01,전라남도,나주시,전라남도 나주시,98951,53036,2097,45915,53.6
8,제8회 전국동시지방선거,2022-06-01,전라남도,담양군,전라남도 담양군,41720,26611,997,15109,63.78
8,제8회 전국동시지방선거,2022-06-01,전라남도,목포시,전라남도 목포시,183412,96968,3026,86444,52.87
8,제8회 전국동시지방선거,2022-06-01,전라남도,무안군,전라남도 무안군,74895,41327,1745,33568,55.18
8,제8회 전국동시지방선거,2022-06-01,전라남도,보성군,전라남도 보성군,35731,23549,1075,12182,65.91
8,제8회 전국동시지방선거,2022-06-01,전라남도,순천시,전라남도 순천시,235432,128163,2833,107269,54.44
8,제8회 전국동시지방선거,2022-06-01,전라남도,신안군,전라남도 신안군,35246,26407,1596,8839,74.92
8,제8회 전국동시지방선거,2022-06-01,전라남도,여수시,전라남도 여수시,236881,109135,2359,127746,46.07
8,제8회 전국동시지방선거,2022-06-01,전라남도,영광군,전라남도 영광군,45299,31817,1868,13482,70.24
8,제8회 전국동시지방선거,2022-06-01,전라남도,영암군,전라남도 영암군,46851,28690,1322,18161,61.24
8,제8회 전국동시지방선거,2022-06-01,전라남도,완도군,전라남도 완도군,42697,29801,1322,12896,69.8
8,제8회 전국동시지방선거,2022-06-01,전라남도,장성군,전라남도 장성군,38470,26499,1403,11971,68.88
8,제8회 전국동시지방선거,2022-06-01,전라남도,장흥군,전라남도 장흥군,32510,23257,1129,9253,71.54
8,제8회 전국동시지방선거,2022-06-01,전라남도,진도군,전라남도 진도군,26748,20416,1075,6332,76.33
8,제8회 전국동시지방선거,2022-06-01,전라남도,함평군,전라남도 함평군,28381,18226,875,10155,64.22
8,제8회 전국동시지방선거,2022-06-01,전라남도,해남군,전라남도 해남군,59423,35245,1462,24178,59.31
8,제8회 전국동시지방선거,2022-06-01,전라남도,화순군,전라남도 화순군,55284,32432,1395,22852,58.66
8,제8회 전국동시지방선거,2022-06-01,전라북도,고창군,전라북도 고창군,47581,34662,1916,12919,72.85
8,제8회 전국동시지방선거,2022-06-01,전라북도,군산시,전라북도 군산시,224926,87125,2013,137801,38.73
8,제8회 전국동시지방선거,2022-06-01,전라북도,김제시,전라북도 김제시,72358,42668,1789,29690,58.97
8,제8회 전국동시지방선거,2022-06-01,전라북도,남원시,전라북도 남원시,69007,44516,1993,24491,64.51
8,제8회 전국동시지방선거,2022-06-01,전라북도,무주군,전라북도 무주군,21279,16268,916,5011,76.45
8,제8회 전국동시지방선거,2022-06-01,전라북도,부안군,전라북도 부안군,45614,27492,1178,18122,60.27
8,제8회 전국동시지방선거,2022-06-01,전라북도,순창군,전라북도 순창군,23898,18594,1099,5304,77.81
8,제8회 전국동시지방선거,2022-06-01,전라북도,완주군,전라북도 완주군,78284,41408,1691,36876,52.89
8,제8회 전국동시지방선거,2022-06-01,전라북도,익산시,전라북도 익산시,239077,107245,3429,131832,44.86
8,제8회 전국동시지방선거,2022-06-01,전라북도,임실군,전라북도 임실군,24346,17636,923,6710,72.44
8,제8회 전국동시지방선거,2022-06-01,전라북도,장수군,전라북도 장수군,19380,14590,767,4790,75.28
8,제8회 전국동시지방선거,2022-06-01,전라북도,전주시덕진구,전라북도 전주시덕진구,238934,96938,1820,141996,40.57
8,제8회 전국동시지방선거,2022-06-01,전라북도,전주시완산구,전라북도 전주시완산구,311508,125313,2427,186195,40.23
8,제8회 전국동시지방선거,2022-06-01,전라북도,정읍시,전라북도 정읍시,93307,54283,2297,39024,58.18
8,제8회 전국동시지방선거,2022-06-01,전라북도,진안군,전라북도 진안군,22634,16616,758,6018,73.41
8,제8회 전국동시지방선거,2022-06-01,제주특별자치도,서귀포시,제주특별자치도 서귀포시,155974,83720,1498,72254,53.68
8,제8회 전국동시지방선거,2022-06-01,제주특별자치도,제주시,제주특별자치도 제주시,409110,216419,2851,192691,52.9
8,제8회 전국동시지방선거,2022-06-01,충청남도,계룡시,충청남도 계룡시,34875,19307,423,15568,55.36
8,제8회 전국동시지방선거,2022-06-01,충청남도,공주시,충청남도 공주시,91847,51461,1596,40386,56.03
8,제8회 전국동시지방선거,2022-06-01,충청남도,금산군,충청남도 금산군,44747,28678,1313,16069,64.09
8,제8회 전국동시지방선거,2022-06-01,충청남도,논산시,충청남도 논산시,99942,53814,2070,46128,53.85
8,제8회 전국동시지방선거,2022-06-01,충청남도,당진시,충청남도 당진시,140008,64876,1843,75132,46.34
8,제8회 전국동시지방선거,2022-06-01,충청남도,보령시,충청남도 보령시,86264,52539,1834,33725,60.9
8,제8회 전국동시지방선거,2022-06-01,충청남도,부여군,충청남도 부여군,57322,36436,2100,20886,63.56
8,제8회 전국동시지방선거,2022-06-01,충청남도,서산시,충청남도 서산시,148744,72245,2531,76499,48.57
8,제8회 전국동시지방선거,2022-06-01,충청남도,서천군,충청남도 서천군,45864,29281,1508,16583,63.84
8,제8회 전국동시지방선거,2022-06-01,충청남도,아산시,충청남도 아산시,268765,119352,2770,149413,44.41
8,제8회 전국동시지방선거,2022-06-01,충청남도,예산군,충청남도 예산군,69069,38765,1440,30304,56.13
8,제8회 전국동시지방선거,2022-06-01,충청남도,천안시동남구,충청남도 천안시동남구,257709,109108,2113,148601,42.34
8,제8회 전국동시지방선거,2022-06-01,충청남도,천안시서북구,충청남도 천안시서북구,290313,122388,2286,167925,42.16
8,제8회 전국동시지방선거,2022-06-01,충청남도,청양군,충청남도 청양군,27932,19683,1199,8249,70.47
8,제8회 전국동시지방선거,2022-06-01,충청남도,태안군,충청남도 태안군,55435,34715,2008,20720,62.62
8,제8회 전국동시지방선거,2022-06-01,충청남도,홍성군,충청남도 홍성군,84260,45721,1369,38539,54.26
8,제8회 전국동시지방선거,2022-06-01,충청북도,괴산군,충청북도 괴산군,34674,23720,776,10954,68.41
8,제8회 전국동시지방선거,2022-06-01,충청북도,단양군,충청북도 단양군,25692,17427,413,8265,67.83
8,제8회 전국동시지방선거,2022-06-01,충청북도,보은군,충청북도 보은군,28963,19543,652,9420,67.48
8,제8회 전국동시지방선거,2022-06-01,충청북도,영동군,충청북도 영동군,41123,27150,829,13973,66.02
8,제8회 전국동시지방선거,2022-06-01,충청북도,옥천군,충청북도 옥천군,44686,28846,895,15840,64.55
8,제8회 전국동시지방선거,2022-06-01,충청북도,음성군,충청북도 음성군,81419,40618,914,40801,49.89
8,제8회 전국동시지방선거,2022-06-01,충청북도,제천시,충청북도 제천시,115563,62806,1054,52757,54.35
8,제8회 전국동시지방선거,2022-06-01,충청북도,증평군,충청북도 증평군,31366,17040,344,14326,54.33
8,제8회 전국동시지방선거,2022-06-01,충청북도,진천군,충청북도 진천군,71725,34552,799,37173,48.17
8,제8회 전국동시지방선거,2022-06-01,충청북도,청주시상당구,충청북도 청주시상당구,163058,79612,1004,83446,48.82
8,제8회 전국동시지방선거,2022-06-01,충청북도,청주시서원구,충청북도 청주시서원구,165453,80317,972,85136,48.54
8,제8회 전국동시지방선거,2022-06-01,충청북도,청주시청원구,충청북도 청주시청원구,160395,72662,998,87733,45.3
8,제8회 전국동시지방선거,2022-06-01,충청북도,청주시흥덕구,충청북도 청주시흥덕구,223618,98308,1194,125310,43.96
8,제8회 전국동시지방선거,2022-06-01,충청북도,충주시,충청북도 충주시,181044,89723,1797,91321,49.56
